,Sex,Single Year of Age,VALUE
4256,Male,30,30858
4257,Male,30,367
4258,Male,30,6163
4259,Male,30,1511
4260,Male,30,1888
4261,Male,30,1819
4262,Male,30,1372
4263,Male,30,513
4264,Male,30,470
4265,Male,30,263
4266,Male,30,769
4267,Male,30,1097
4268,Male,30,447
4269,Male,30,523
4270,Male,30,877
4271,Male,30,688
4272,Male,30,582
4273,Male,30,1703
4274,Male,30,1672
4275,Male,30,792
4276,Male,30,1250
4277,Male,30,827
4278,Male,30,719
4279,Male,30,677
4280,Male,30,813
4281,Male,30,164
4282,Male,30,657
4283,Male,30,315
4284,Male,30,334
4285,Male,30,416
4286,Male,30,788
4287,Male,30,382
4288,Male,31,32237
4289,Male,31,349
4290,Male,31,6287
4291,Male,31,1510
4292,Male,31,2061
4293,Male,31,1898
4294,Male,31,1396
4295,Male,31,599
4296,Male,31,509
4297,Male,31,232
4298,Male,31,796
4299,Male,31,1252
4300,Male,31,443
4301,Male,31,602
4302,Male,31,945
4303,Male,31,783
4304,Male,31,623
4305,Male,31,1767
4306,Male,31,1725
4307,Male,31,772
4308,Male,31,1205
4309,Male,31,867
4310,Male,31,712
4311,Male,31,759
4312,Male,31,958
4313,Male,31,155
4314,Male,31,719
4315,Male,31,343
4316,Male,31,334
4317,Male,31,450
4318,Male,31,831
4319,Male,31,355
4320,Male,32,32413
4321,Male,32,362
4322,Male,32,6080
4323,Male,32,1516
4324,Male,32,2088
4325,Male,32,1887
4326,Male,32,1462
4327,Male,32,578
4328,Male,32,559
4329,Male,32,267
4330,Male,32,782
4331,Male,32,1254
4332,Male,32,447
4333,Male,32,562
4334,Male,32,906
4335,Male,32,827
4336,Male,32,642
4337,Male,32,1727
4338,Male,32,1791
4339,Male,32,854
4340,Male,32,1316
4341,Male,32,867
4342,Male,32,771
4343,Male,32,655
4344,Male,32,907
4345,Male,32,163
4346,Male,32,667
4347,Male,32,381
4348,Male,32,361
4349,Male,32,466
4350,Male,32,927
4351,Male,32,341
4352,Male,33,31888
4353,Male,33,366
4354,Male,33,5734
4355,Male,33,1442
4356,Male,33,2157
4357,Male,33,1895
4358,Male,33,1522
4359,Male,33,563
4360,Male,33,538
4361,Male,33,261
4362,Male,33,814
4363,Male,33,1253
4364,Male,33,444
4365,Male,33,582
4366,Male,33,821
4367,Male,33,837
4368,Male,33,643
4369,Male,33,1633
4370,Male,33,1910
4371,Male,33,755
4372,Male,33,1310
4373,Male,33,884
4374,Male,33,686
4375,Male,33,594
4376,Male,33,996
4377,Male,33,173
4378,Male,33,761
4379,Male,33,359
4380,Male,33,321
4381,Male,33,466
4382,Male,33,868
4383,Male,33,300
4384,Male,34,33121
4385,Male,34,360
4386,Male,34,5503
4387,Male,34,1488
4388,Male,34,2188
4389,Male,34,2040
4390,Male,34,1563
4391,Male,34,594
4392,Male,34,548
4393,Male,34,291
4394,Male,34,890
4395,Male,34,1350
4396,Male,34,503
4397,Male,34,575
4398,Male,34,961
4399,Male,34,865
4400,Male,34,714
4401,Male,34,1636
4402,Male,34,2038
4403,Male,34,817
4404,Male,34,1314
4405,Male,34,939
4406,Male,34,711
4407,Male,34,611
4408,Male,34,1056
4409,Male,34,192
4410,Male,34,778
4411,Male,34,383
4412,Male,34,370
4413,Male,34,475
4414,Male,34,946
4415,Male,34,422
4416,Male,35,34695
4417,Male,35,387
4418,Male,35,5488
4419,Male,35,1506
4420,Male,35,2321
4421,Male,35,2054
4422,Male,35,1722
4423,Male,35,634
4424,Male,35,655
4425,Male,35,296
4426,Male,35,868
4427,Male,35,1504
4428,Male,35,546
4429,Male,35,666
4430,Male,35,986
4431,Male,35,923
4432,Male,35,729
4433,Male,35,1687
4434,Male,35,2181
4435,Male,35,860
4436,Male,35,1404
4437,Male,35,982
4438,Male,35,807
4439,Male,35,610
4440,Male,35,1139
4441,Male,35,216
4442,Male,35,821
4443,Male,35,420
4444,Male,35,399
4445,Male,35,519
4446,Male,35,959
4447,Male,35,406
4448,Male,36,35828
4449,Male,36,397
4450,Male,36,5401
4451,Male,36,1511
4452,Male,36,2484
4453,Male,36,2304
4454,Male,36,1733
4455,Male,36,625
4456,Male,36,667
4457,Male,36,331
4458,Male,36,946
4459,Male,36,1526
4460,Male,36,521
4461,Male,36,722
4462,Male,36,1009
4463,Male,36,949
4464,Male,36,765
4465,Male,36,1701
4466,Male,36,2198
4467,Male,36,992
4468,Male,36,1419
4469,Male,36,1011
4470,Male,36,832
4471,Male,36,625
4472,Male,36,1193
4473,Male,36,211
4474,Male,36,871
4475,Male,36,465
4476,Male,36,444
4477,Male,36,549
4478,Male,36,1005
4479,Male,36,421
4480,Male,37,36427
4481,Male,37,451
4482,Male,37,5208
4483,Male,37,1543
4484,Male,37,2528
4485,Male,37,2327
4486,Male,37,1837
4487,Male,37,657
4488,Male,37,704
4489,Male,37,275
4490,Male,37,878
4491,Male,37,1601
4492,Male,37,563
4493,Male,37,719
4494,Male,37,1002
4495,Male,37,1076
4496,Male,37,788
4497,Male,37,1759
4498,Male,37,2355
4499,Male,37,948
4500,Male,37,1468
4501,Male,37,1019
4502,Male,37,823
4503,Male,37,650
4504,Male,37,1243
4505,Male,37,211
4506,Male,37,899
4507,Male,37,431
4508,Male,37,423
4509,Male,37,578
4510,Male,37,991
4511,Male,37,472
4512,Male,38,37513
4513,Male,38,465
4514,Male,38,5083
4515,Male,38,1644
4516,Male,38,2682
4517,Male,38,2418
4518,Male,38,1889
4519,Male,38,683
4520,Male,38,718
4521,Male,38,333
4522,Male,38,964
4523,Male,38,1605
4524,Male,38,564
4525,Male,38,657
4526,Male,38,1067
4527,Male,38,1077
4528,Male,38,863
4529,Male,38,1728
4530,Male,38,2461
4531,Male,38,1033
4532,Male,38,1521
4533,Male,38,1124
4534,Male,38,851
4535,Male,38,624
4536,Male,38,1266
4537,Male,38,231
4538,Male,38,892
4539,Male,38,492
4540,Male,38,493
4541,Male,38,583
4542,Male,38,1036
4543,Male,38,466
4544,Male,39,38749
4545,Male,39,453
4546,Male,39,4959
4547,Male,39,1667
4548,Male,39,2780
4549,Male,39,2420
4550,Male,39,2085
4551,Male,39,756
4552,Male,39,762
4553,Male,39,337
4554,Male,39,1001
4555,Male,39,1752
4556,Male,39,581
4557,Male,39,758
4558,Male,39,1078
4559,Male,39,1137
4560,Male,39,829
4561,Male,39,1721
4562,Male,39,2631
4563,Male,39,1022
4564,Male,39,1540
4565,Male,39,1136
4566,Male,39,851
4567,Male,39,644
4568,Male,39,1407
4569,Male,39,242
4570,Male,39,959
4571,Male,39,470
4572,Male,39,509
4573,Male,39,641
4574,Male,39,1121
4575,Male,39,500
4576,Male,40,40301
4577,Male,40,494
4578,Male,40,4961
4579,Male,40,1736
4580,Male,40,2973
4581,Male,40,2575
4582,Male,40,2090
4583,Male,40,810
4584,Male,40,747
4585,Male,40,396
4586,Male,40,1119
4587,Male,40,1787
4588,Male,40,691
4589,Male,40,723
4590,Male,40,1172
4591,Male,40,1176
4592,Male,40,907
4593,Male,40,1750
4594,Male,40,2744
4595,Male,40,1112
4596,Male,40,1637
4597,Male,40,1226
4598,Male,40,898
4599,Male,40,707
4600,Male,40,1443
4601,Male,40,245
4602,Male,40,943
4603,Male,40,489
4604,Male,40,491
4605,Male,40,633
4606,Male,40,1149
4607,Male,40,477
4608,Male,41,41401
4609,Male,41,487
4610,Male,41,4913
4611,Male,41,1795
4612,Male,41,3043
4613,Male,41,2610
4614,Male,41,2183
4615,Male,41,787
4616,Male,41,799
4617,Male,41,410
4618,Male,41,1100
4619,Male,41,1850
4620,Male,41,628
4621,Male,41,759
4622,Male,41,1293
4623,Male,41,1250
4624,Male,41,926
4625,Male,41,1727
4626,Male,41,2933
4627,Male,41,1141
4628,Male,41,1646
4629,Male,41,1247
4630,Male,41,960
4631,Male,41,699
4632,Male,41,1587
4633,Male,41,276
4634,Male,41,950
4635,Male,41,546
4636,Male,41,509
4637,Male,41,630
4638,Male,41,1168
4639,Male,41,549
4640,Male,42,41644
4641,Male,42,528
4642,Male,42,4704
4643,Male,42,1812
4644,Male,42,3069
4645,Male,42,2626
4646,Male,42,2192
4647,Male,42,791
4648,Male,42,813
4649,Male,42,384
4650,Male,42,1133
4651,Male,42,1903
4652,Male,42,625
4653,Male,42,778
4654,Male,42,1302
4655,Male,42,1306
4656,Male,42,969
4657,Male,42,1747
4658,Male,42,2906
4659,Male,42,1248
4660,Male,42,1613
4661,Male,42,1254
4662,Male,42,1022
4663,Male,42,692
4664,Male,42,1558
4665,Male,42,249
4666,Male,42,1007
4667,Male,42,538
4668,Male,42,541
4669,Male,42,624
4670,Male,42,1224
4671,Male,42,486
4672,Male,43,39275
4673,Male,43,487
4674,Male,43,4458
4675,Male,43,1665
4676,Male,43,2948
4677,Male,43,2555
4678,Male,43,2080
4679,Male,43,799
4680,Male,43,727
4681,Male,43,384
4682,Male,43,971
4683,Male,43,1773
4684,Male,43,572
4685,Male,43,673
4686,Male,43,1119
4687,Male,43,1222
4688,Male,43,892
4689,Male,43,1638
4690,Male,43,2853
4691,Male,43,1145
4692,Male,43,1543
4693,Male,43,1235
4694,Male,43,1008
4695,Male,43,645
4696,Male,43,1469
4697,Male,43,246
4698,Male,43,919
4699,Male,43,472
4700,Male,43,482
4701,Male,43,632
4702,Male,43,1186
4703,Male,43,477
4704,Male,44,37940
4705,Male,44,448
4706,Male,44,4210
4707,Male,44,1566
4708,Male,44,2707
4709,Male,44,2330
4710,Male,44,1971
4711,Male,44,800
4712,Male,44,712
4713,Male,44,334
4714,Male,44,1002
4715,Male,44,1748
4716,Male,44,617
4717,Male,44,679
4718,Male,44,1114
4719,Male,44,1224
4720,Male,44,884
4721,Male,44,1535
4722,Male,44,2778
4723,Male,44,1179
4724,Male,44,1503
4725,Male,44,1172
4726,Male,44,930
4727,Male,44,613
4728,Male,44,1449
4729,Male,44,264
4730,Male,44,955
4731,Male,44,478
4732,Male,44,506
4733,Male,44,586
4734,Male,44,1181
4735,Male,44,465
4736,Male,45,37710
4737,Male,45,447
4738,Male,45,4016
4739,Male,45,1443
4740,Male,45,2788
4741,Male,45,2222
4742,Male,45,1959
4743,Male,45,770
4744,Male,45,721
4745,Male,45,365
4746,Male,45,968
4747,Male,45,1719
4748,Male,45,623
4749,Male,45,701
4750,Male,45,1166
4751,Male,45,1194
4752,Male,45,936
4753,Male,45,1495
4754,Male,45,2866
4755,Male,45,1147
4756,Male,45,1566
4757,Male,45,1237
4758,Male,45,921
4759,Male,45,584
4760,Male,45,1462
4761,Male,45,267
4762,Male,45,931
4763,Male,45,481
4764,Male,45,492
4765,Male,45,538
4766,Male,45,1193
4767,Male,45,492
4768,Male,46,37289
4769,Male,46,463
4770,Male,46,3858
4771,Male,46,1546
4772,Male,46,2681
4773,Male,46,2145
4774,Male,46,1957
4775,Male,46,807
4776,Male,46,665
4777,Male,46,333
4778,Male,46,1055
4779,Male,46,1770
4780,Male,46,638
4781,Male,46,644
4782,Male,46,1137
4783,Male,46,1171
4784,Male,46,902
4785,Male,46,1520
4786,Male,46,2783
4787,Male,46,1089
4788,Male,46,1541
4789,Male,46,1194
4790,Male,46,878
4791,Male,46,577
4792,Male,46,1464
4793,Male,46,244
4794,Male,46,974
4795,Male,46,481
4796,Male,46,469
4797,Male,46,587
4798,Male,46,1239
4799,Male,46,477
4800,Male,47,37053
4801,Male,47,453
4802,Male,47,3801
4803,Male,47,1510
4804,Male,47,2715
4805,Male,47,2105
4806,Male,47,1933
4807,Male,47,738
4808,Male,47,684
4809,Male,47,355
4810,Male,47,986
4811,Male,47,1778
4812,Male,47,622
4813,Male,47,712
4814,Male,47,1126
4815,Male,47,1208
4816,Male,47,882
4817,Male,47,1501
4818,Male,47,2801
4819,Male,47,1151
4820,Male,47,1505
4821,Male,47,1258
4822,Male,47,886
4823,Male,47,569
4824,Male,47,1412
4825,Male,47,244
4826,Male,47,919
4827,Male,47,529
4828,Male,47,508
4829,Male,47,588
4830,Male,47,1119
4831,Male,47,455
4832,Male,48,36472
4833,Male,48,411
4834,Male,48,3741
4835,Male,48,1561
4836,Male,48,2614
4837,Male,48,2084
4838,Male,48,1930
4839,Male,48,796
4840,Male,48,665
4841,Male,48,307
4842,Male,48,1010
4843,Male,48,1692
4844,Male,48,596
4845,Male,48,656
4846,Male,48,1159
4847,Male,48,1190
4848,Male,48,958
4849,Male,48,1394
4850,Male,48,2820
4851,Male,48,1138
4852,Male,48,1450
4853,Male,48,1167
4854,Male,48,885
4855,Male,48,483
4856,Male,48,1464
4857,Male,48,243
4858,Male,48,905
4859,Male,48,508
4860,Male,48,466
4861,Male,48,562
4862,Male,48,1151
4863,Male,48,466
4864,Male,49,36650
4865,Male,49,453
4866,Male,49,3701
4867,Male,49,1555
4868,Male,49,2562
4869,Male,49,2070
4870,Male,49,1921
4871,Male,49,816
4872,Male,49,661
4873,Male,49,366
4874,Male,49,1025
4875,Male,49,1751
4876,Male,49,611
4877,Male,49,684
4878,Male,49,1184
4879,Male,49,1196
4880,Male,49,941
4881,Male,49,1466
4882,Male,49,2691
4883,Male,49,1100
4884,Male,49,1474
4885,Male,49,1242
4886,Male,49,909
4887,Male,49,489
4888,Male,49,1463
4889,Male,49,238
4890,Male,49,918
4891,Male,49,502
4892,Male,49,448
4893,Male,49,555
4894,Male,49,1187
4895,Male,49,471
4896,Male,50,36050
4897,Male,50,443
4898,Male,50,3753
4899,Male,50,1494
4900,Male,50,2434
4901,Male,50,1926
4902,Male,50,1911
4903,Male,50,726
4904,Male,50,692
4905,Male,50,309
4906,Male,50,1050
4907,Male,50,1700
4908,Male,50,594
4909,Male,50,673
4910,Male,50,1193
4911,Male,50,1156
4912,Male,50,946
4913,Male,50,1424
4914,Male,50,2708
4915,Male,50,1164
4916,Male,50,1496
4917,Male,50,1131
4918,Male,50,869
4919,Male,50,469
4920,Male,50,1392
4921,Male,50,264
4922,Male,50,971
4923,Male,50,488
4924,Male,50,424
4925,Male,50,604
4926,Male,50,1185
4927,Male,50,461
4928,Male,51,34926
4929,Male,51,379
4930,Male,51,3567
4931,Male,51,1470
4932,Male,51,2252
4933,Male,51,1894
4934,Male,51,1821
4935,Male,51,694
4936,Male,51,660
4937,Male,51,328
4938,Male,51,1025
4939,Male,51,1587
4940,Male,51,537
4941,Male,51,654
4942,Male,51,1182
4943,Male,51,1177
4944,Male,51,916
4945,Male,51,1372
4946,Male,51,2684
4947,Male,51,1120
4948,Male,51,1413
4949,Male,51,1174
4950,Male,51,867
4951,Male,51,498
4952,Male,51,1406
4953,Male,51,225
4954,Male,51,955
4955,Male,51,495
4956,Male,51,495
4957,Male,51,537
4958,Male,51,1129
4959,Male,51,413
4960,Male,52,34356
4961,Male,52,420
4962,Male,52,3453
4963,Male,52,1409
4964,Male,52,2153
4965,Male,52,1855
4966,Male,52,1749
4967,Male,52,742
4968,Male,52,656
4969,Male,52,319
4970,Male,52,974
4971,Male,52,1594
4972,Male,52,555
4973,Male,52,652
4974,Male,52,1179
4975,Male,52,1104
4976,Male,52,919
4977,Male,52,1340
4978,Male,52,2555
4979,Male,52,1148
4980,Male,52,1414
4981,Male,52,1148
4982,Male,52,836
4983,Male,52,466
4984,Male,52,1360
4985,Male,52,247
4986,Male,52,925
4987,Male,52,513
4988,Male,52,463
4989,Male,52,557
4990,Male,52,1195
4991,Male,52,456
4992,Male,53,32611
4993,Male,53,400
4994,Male,53,3331
4995,Male,53,1332
4996,Male,53,2013
4997,Male,53,1733
4998,Male,53,1611
4999,Male,53,700
5000,Male,53,618
5001,Male,53,296
5002,Male,53,958
5003,Male,53,1464
5004,Male,53,546
5005,Male,53,645
5006,Male,53,1099
5007,Male,53,989
5008,Male,53,873
5009,Male,53,1263
5010,Male,53,2452
5011,Male,53,1099
5012,Male,53,1285
5013,Male,53,1136
5014,Male,53,881
5015,Male,53,424
5016,Male,53,1308
5017,Male,53,243
5018,Male,53,880
5019,Male,53,468
5020,Male,53,438
5021,Male,53,553
5022,Male,53,1141
5023,Male,53,432
5024,Male,54,32050
5025,Male,54,423
5026,Male,54,3389
5027,Male,54,1291
5028,Male,54,1882
5029,Male,54,1649
5030,Male,54,1580
5031,Male,54,659
5032,Male,54,600
5033,Male,54,315
5034,Male,54,911
5035,Male,54,1447
5036,Male,54,579
5037,Male,54,605
5038,Male,54,1058
5039,Male,54,973
5040,Male,54,850
5041,Male,54,1305
5042,Male,54,2325
5043,Male,54,1052
5044,Male,54,1307
5045,Male,54,1124
5046,Male,54,806
5047,Male,54,418
5048,Male,54,1321
5049,Male,54,244
5050,Male,54,919
5051,Male,54,445
5052,Male,54,487
5053,Male,54,538
5054,Male,54,1144
5055,Male,54,404
5056,Male,55,31353
5057,Male,55,412
5058,Male,55,3075
5059,Male,55,1334
5060,Male,55,1805
5061,Male,55,1622
5062,Male,55,1513
5063,Male,55,698
5064,Male,55,605
5065,Male,55,275
5066,Male,55,854
5067,Male,55,1355
5068,Male,55,494
5069,Male,55,591
5070,Male,55,1081
5071,Male,55,961
5072,Male,55,867
5073,Male,55,1278
5074,Male,55,2455
5075,Male,55,1007
5076,Male,55,1298
5077,Male,55,1109
5078,Male,55,872
5079,Male,55,408
5080,Male,55,1306
5081,Male,55,242
5082,Male,55,903
5083,Male,55,491
5084,Male,55,451
5085,Male,55,542
5086,Male,55,1075
5087,Male,55,374
5088,Male,56,30684
5089,Male,56,377
5090,Male,56,3168
5091,Male,56,1249
5092,Male,56,1695
5093,Male,56,1483
5094,Male,56,1504
5095,Male,56,679
5096,Male,56,554
5097,Male,56,283
5098,Male,56,877
5099,Male,56,1352
5100,Male,56,535
5101,Male,56,542
5102,Male,56,1013
5103,Male,56,985
5104,Male,56,828
5105,Male,56,1286
5106,Male,56,2364
5107,Male,56,1042
5108,Male,56,1227
5109,Male,56,1130
5110,Male,56,828
5111,Male,56,438
5112,Male,56,1238
5113,Male,56,224
5114,Male,56,888
5115,Male,56,461
5116,Male,56,415
5117,Male,56,550
5118,Male,56,1062
5119,Male,56,407
5120,Male,57,30891
5121,Male,57,355
5122,Male,57,3166
5123,Male,57,1295
5124,Male,57,1672
5125,Male,57,1491
5126,Male,57,1464
5127,Male,57,666
5128,Male,57,522
5129,Male,57,307
5130,Male,57,845
5131,Male,57,1425
5132,Male,57,532
5133,Male,57,585
5134,Male,57,1080
5135,Male,57,1038
5136,Male,57,824
5137,Male,57,1282
5138,Male,57,2338
5139,Male,57,1027
5140,Male,57,1253
5141,Male,57,1157
5142,Male,57,820
5143,Male,57,419
5144,Male,57,1262
5145,Male,57,245
5146,Male,57,946
5147,Male,57,455
5148,Male,57,420
5149,Male,57,515
5150,Male,57,1095
5151,Male,57,390
5152,Male,58,29775
5153,Male,58,356
5154,Male,58,3113
5155,Male,58,1278
5156,Male,58,1600
5157,Male,58,1445
5158,Male,58,1349
5159,Male,58,626
5160,Male,58,529
5161,Male,58,277
5162,Male,58,834
5163,Male,58,1198
5164,Male,58,544
5165,Male,58,567
5166,Male,58,1042
5167,Male,58,905
5168,Male,58,841
5169,Male,58,1317
5170,Male,58,2230
5171,Male,58,1040
5172,Male,58,1203
5173,Male,58,1081
5174,Male,58,809
5175,Male,58,356
5176,Male,58,1201
5177,Male,58,230
5178,Male,58,917
5179,Male,58,498
5180,Male,58,464
5181,Male,58,468
5182,Male,58,1078
5183,Male,58,379
5184,Male,59,29196
5185,Male,59,383
5186,Male,59,3040
5187,Male,59,1285
5188,Male,59,1593
5189,Male,59,1470
5190,Male,59,1261
5191,Male,59,638
5192,Male,59,501
5193,Male,59,263
5194,Male,59,774
5195,Male,59,1207
5196,Male,59,489
5197,Male,59,593
5198,Male,59,985
5199,Male,59,952
5200,Male,59,797
5201,Male,59,1285
5202,Male,59,2166
5203,Male,59,1031
5204,Male,59,1176
5205,Male,59,1124
5206,Male,59,837
5207,Male,59,351
5208,Male,59,1133
5209,Male,59,212
5210,Male,59,905
5211,Male,59,444
5212,Male,59,451
5213,Male,59,515
5214,Male,59,962
5215,Male,59,373
5216,Male,60,28455
5217,Male,60,356
5218,Male,60,2961
5219,Male,60,1254
5220,Male,60,1502
5221,Male,60,1435
5222,Male,60,1276
5223,Male,60,594
5224,Male,60,506
5225,Male,60,269
5226,Male,60,772
5227,Male,60,1111
5228,Male,60,463
5229,Male,60,565
5230,Male,60,1015
5231,Male,60,985
5232,Male,60,783
5233,Male,60,1277
5234,Male,60,2108
5235,Male,60,1001
5236,Male,60,1184
5237,Male,60,998
5238,Male,60,769
5239,Male,60,376
5240,Male,60,1161
5241,Male,60,213
5242,Male,60,845
5243,Male,60,432
5244,Male,60,429
5245,Male,60,478
5246,Male,60,963
5247,Male,60,374
5248,Male,61,27849
5249,Male,61,334
5250,Male,61,2829
5251,Male,61,1190
5252,Male,61,1427
5253,Male,61,1438
5254,Male,61,1237
5255,Male,61,599
5256,Male,61,496
5257,Male,61,263
5258,Male,61,754
5259,Male,61,1128
5260,Male,61,542
5261,Male,61,517
5262,Male,61,979
5263,Male,61,861
5264,Male,61,756
5265,Male,61,1156
5266,Male,61,2084
5267,Male,61,973
5268,Male,61,1152
5269,Male,61,1097
5270,Male,61,730
5271,Male,61,360
5272,Male,61,1142
5273,Male,61,222
5274,Male,61,876
5275,Male,61,473
5276,Male,61,441
5277,Male,61,464
5278,Male,61,945
5279,Male,61,384
5280,Male,62,27116
5281,Male,62,333
5282,Male,62,2781
5283,Male,62,1188
5284,Male,62,1399
5285,Male,62,1310
5286,Male,62,1126
5287,Male,62,645
5288,Male,62,478
5289,Male,62,266
5290,Male,62,707
5291,Male,62,1025
5292,Male,62,485
5293,Male,62,534
5294,Male,62,962
5295,Male,62,836
5296,Male,62,754
5297,Male,62,1120
5298,Male,62,2048
5299,Male,62,1036
5300,Male,62,1115
5301,Male,62,958
5302,Male,62,760
5303,Male,62,333
5304,Male,62,1122
5305,Male,62,225
5306,Male,62,902
5307,Male,62,409
5308,Male,62,436
5309,Male,62,473
5310,Male,62,944
5311,Male,62,406
5312,Male,63,25884
5313,Male,63,326
5314,Male,63,2626
5315,Male,63,1109
5316,Male,63,1302
5317,Male,63,1309
5318,Male,63,1115
5319,Male,63,574
5320,Male,63,482
5321,Male,63,226
5322,Male,63,659
5323,Male,63,979
5324,Male,63,432
5325,Male,63,498
5326,Male,63,929
5327,Male,63,825
5328,Male,63,782
5329,Male,63,1092
5330,Male,63,1885
5331,Male,63,983
5332,Male,63,1149
5333,Male,63,939
5334,Male,63,699
5335,Male,63,328
5336,Male,63,1031
5337,Male,63,228
5338,Male,63,890
5339,Male,63,436
5340,Male,63,403
5341,Male,63,420
5342,Male,63,926
5343,Male,63,302
5344,Male,64,25127
5345,Male,64,287
5346,Male,64,2456
5347,Male,64,1092
5348,Male,64,1241
5349,Male,64,1277
5350,Male,64,1031
5351,Male,64,593
5352,Male,64,450
5353,Male,64,216
5354,Male,64,650
5355,Male,64,933
5356,Male,64,406
5357,Male,64,483
5358,Male,64,870
5359,Male,64,760
5360,Male,64,712
5361,Male,64,1069
5362,Male,64,1862
5363,Male,64,943
5364,Male,64,1132
5365,Male,64,997
5366,Male,64,643
5367,Male,64,321
5368,Male,64,1096
5369,Male,64,206
5370,Male,64,874
5371,Male,64,430
5372,Male,64,401
5373,Male,64,430
5374,Male,64,903
5375,Male,64,363
5376,Male,65,24900
5377,Male,65,322
5378,Male,65,2456
5379,Male,65,1033
5380,Male,65,1247
5381,Male,65,1197
5382,Male,65,1073
5383,Male,65,511
5384,Male,65,458
5385,Male,65,214
5386,Male,65,627
5387,Male,65,893
5388,Male,65,470
5389,Male,65,502
5390,Male,65,904
5391,Male,65,728
5392,Male,65,691
5393,Male,65,1061
5394,Male,65,1837
5395,Male,65,975
5396,Male,65,1051
5397,Male,65,960
5398,Male,65,690
5399,Male,65,303
5400,Male,65,1055
5401,Male,65,216
5402,Male,65,853
5403,Male,65,423
5404,Male,65,410
5405,Male,65,457
5406,Male,65,945
5407,Male,65,338
5408,Male,66,23759
5409,Male,66,283
5410,Male,66,2204
5411,Male,66,1027
5412,Male,66,1090
5413,Male,66,1204
5414,Male,66,968
5415,Male,66,564
5416,Male,66,404
5417,Male,66,217
5418,Male,66,658
5419,Male,66,914
5420,Male,66,413
5421,Male,66,473
5422,Male,66,817
5423,Male,66,740
5424,Male,66,647
5425,Male,66,915
5426,Male,66,1798
5427,Male,66,936
5428,Male,66,1093
5429,Male,66,948
5430,Male,66,619
5431,Male,66,288
5432,Male,66,1034
5433,Male,66,229
5434,Male,66,866
5435,Male,66,412
5436,Male,66,363
5437,Male,66,383
5438,Male,66,894
5439,Male,66,358
5440,Male,67,23627
5441,Male,67,271
5442,Male,67,2194
5443,Male,67,974
5444,Male,67,1075
5445,Male,67,1228
5446,Male,67,1028
5447,Male,67,546
5448,Male,67,401
5449,Male,67,229
5450,Male,67,630
5451,Male,67,882
5452,Male,67,406
5453,Male,67,457
5454,Male,67,894
5455,Male,67,710
5456,Male,67,672
5457,Male,67,976
5458,Male,67,1683
5459,Male,67,945
5460,Male,67,998
5461,Male,67,908
5462,Male,67,692
5463,Male,67,313
5464,Male,67,1019
5465,Male,67,194
5466,Male,67,844
5467,Male,67,419
5468,Male,67,390
5469,Male,67,419
5470,Male,67,905
5471,Male,67,325
5472,Male,68,22502
5473,Male,68,291
5474,Male,68,2065
5475,Male,68,970
5476,Male,68,1077
5477,Male,68,1145
5478,Male,68,909
5479,Male,68,550
5480,Male,68,368
5481,Male,68,243
5482,Male,68,591
5483,Male,68,861
5484,Male,68,337
5485,Male,68,421
5486,Male,68,785
5487,Male,68,693
5488,Male,68,637
5489,Male,68,886
5490,Male,68,1727
5491,Male,68,857
5492,Male,68,998
5493,Male,68,915
5494,Male,68,618
5495,Male,68,287
5496,Male,68,926
5497,Male,68,213
5498,Male,68,803
5499,Male,68,401
5500,Male,68,358
5501,Male,68,381
5502,Male,68,867
5503,Male,68,322
5504,Male,69,22594
5505,Male,69,276
5506,Male,69,2147
5507,Male,69,976
5508,Male,69,1127
5509,Male,69,1154
5510,Male,69,947
5511,Male,69,490
5512,Male,69,382
5513,Male,69,212
5514,Male,69,536
5515,Male,69,788
5516,Male,69,409
5517,Male,69,424
5518,Male,69,818
5519,Male,69,653
5520,Male,69,673
5521,Male,69,888
5522,Male,69,1713
5523,Male,69,834
5524,Male,69,1043
5525,Male,69,875
5526,Male,69,578
5527,Male,69,324
5528,Male,69,990
5529,Male,69,201
5530,Male,69,791
5531,Male,69,406
5532,Male,69,371
5533,Male,69,358
5534,Male,69,889
5535,Male,69,321
5536,Male,70,21253
5537,Male,70,277
5538,Male,70,1930
5539,Male,70,927
5540,Male,70,1031
5541,Male,70,1148
5542,Male,70,845
5543,Male,70,471
5544,Male,70,371
5545,Male,70,244
5546,Male,70,545
5547,Male,70,726
5548,Male,70,369
5549,Male,70,391
5550,Male,70,788
5551,Male,70,634
5552,Male,70,604
5553,Male,70,890
5554,Male,70,1607
5555,Male,70,881
5556,Male,70,960
5557,Male,70,805
5558,Male,70,572
5559,Male,70,262
5560,Male,70,863
5561,Male,70,191
5562,Male,70,727
5563,Male,70,395
5564,Male,70,333
5565,Male,70,348
5566,Male,70,837
5567,Male,70,281
5568,Male,71,20449
5569,Male,71,238
5570,Male,71,1863
5571,Male,71,861
5572,Male,71,953
5573,Male,71,1112
5574,Male,71,824
5575,Male,71,410
5576,Male,71,353
5577,Male,71,199
5578,Male,71,488
5579,Male,71,767
5580,Male,71,357
5581,Male,71,374
5582,Male,71,767
5583,Male,71,631
5584,Male,71,596
5585,Male,71,813
5586,Male,71,1518
5587,Male,71,838
5588,Male,71,908
5589,Male,71,780
5590,Male,71,547
5591,Male,71,248
5592,Male,71,855
5593,Male,71,200
5594,Male,71,805
5595,Male,71,355
5596,Male,71,386
5597,Male,71,340
5598,Male,71,772
5599,Male,71,291
5600,Male,72,19965
5601,Male,72,248
5602,Male,72,1821
5603,Male,72,803
5604,Male,72,959
5605,Male,72,1107
5606,Male,72,785
5607,Male,72,471
5608,Male,72,315
5609,Male,72,202
5610,Male,72,523
5611,Male,72,743
5612,Male,72,321
5613,Male,72,367
5614,Male,72,747
5615,Male,72,595
5616,Male,72,605
5617,Male,72,844
5618,Male,72,1482
5619,Male,72,782
5620,Male,72,886
5621,Male,72,789
5622,Male,72,505
5623,Male,72,224
5624,Male,72,852
5625,Male,72,191
5626,Male,72,745
5627,Male,72,291
5628,Male,72,345
5629,Male,72,363
5630,Male,72,763
5631,Male,72,291
5632,Male,73,19121
5633,Male,73,233
5634,Male,73,1731
5635,Male,73,826
5636,Male,73,888
5637,Male,73,994
5638,Male,73,773
5639,Male,73,421
5640,Male,73,277
5641,Male,73,193
5642,Male,73,462
5643,Male,73,707
5644,Male,73,328
5645,Male,73,387
5646,Male,73,656
5647,Male,73,642
5648,Male,73,542
5649,Male,73,759
5650,Male,73,1432
5651,Male,73,760
5652,Male,73,893
5653,Male,73,724
5654,Male,73,509
5655,Male,73,262
5656,Male,73,852
5657,Male,73,155
5658,Male,73,699
5659,Male,73,319
5660,Male,73,345
5661,Male,73,322
5662,Male,73,755
5663,Male,73,275
5664,Male,74,18493
5665,Male,74,246
5666,Male,74,1710
5667,Male,74,825
5668,Male,74,854
5669,Male,74,965
5670,Male,74,728
5671,Male,74,477
5672,Male,74,289
5673,Male,74,192
5674,Male,74,468
5675,Male,74,647
5676,Male,74,328
5677,Male,74,313
5678,Male,74,654
5679,Male,74,551
5680,Male,74,540
5681,Male,74,713
5682,Male,74,1413
5683,Male,74,758
5684,Male,74,785
5685,Male,74,700
5686,Male,74,500
5687,Male,74,223
5688,Male,74,819
5689,Male,74,141
5690,Male,74,723
5691,Male,74,318
5692,Male,74,313
5693,Male,74,308
5694,Male,74,750
5695,Male,74,242
5696,Male,75,17473
5697,Male,75,207
5698,Male,75,1620
5699,Male,75,793
5700,Male,75,793
5701,Male,75,825
5702,Male,75,735
5703,Male,75,392
5704,Male,75,275
5705,Male,75,164
5706,Male,75,440
5707,Male,75,621
5708,Male,75,289
5709,Male,75,290
5710,Male,75,644
5711,Male,75,576
5712,Male,75,507
5713,Male,75,752
5714,Male,75,1317
5715,Male,75,705
5716,Male,75,738
5717,Male,75,626
5718,Male,75,546
5719,Male,75,224
5720,Male,75,731
5721,Male,75,154
5722,Male,75,683
5723,Male,75,284
5724,Male,75,270
5725,Male,75,287
5726,Male,75,732
5727,Male,75,253
5728,Male,76,16094
5729,Male,76,201
5730,Male,76,1476
5731,Male,76,757
5732,Male,76,781
5733,Male,76,828
5734,Male,76,653
5735,Male,76,315
5736,Male,76,251
5737,Male,76,172
5738,Male,76,415
5739,Male,76,553
5740,Male,76,272
5741,Male,76,286
5742,Male,76,563
5743,Male,76,495
5744,Male,76,478
5745,Male,76,697
5746,Male,76,1149
5747,Male,76,686
5748,Male,76,692
5749,Male,76,627
5750,Male,76,427
5751,Male,76,228
5752,Male,76,677
5753,Male,76,140
5754,Male,76,577
5755,Male,76,297
5756,Male,76,270
5757,Male,76,254
5758,Male,76,663
5759,Male,76,214
5760,Male,77,14601
5761,Male,77,184
5762,Male,77,1310
5763,Male,77,716
5764,Male,77,692
5765,Male,77,717
5766,Male,77,580
5767,Male,77,360
5768,Male,77,235
5769,Male,77,136
5770,Male,77,345
5771,Male,77,524
5772,Male,77,248
5773,Male,77,290
5774,Male,77,523
5775,Male,77,473
5776,Male,77,442
5777,Male,77,629
5778,Male,77,1101
5779,Male,77,593
5780,Male,77,609
5781,Male,77,581
5782,Male,77,413
5783,Male,77,179
5784,Male,77,597
5785,Male,77,137
5786,Male,77,512
5787,Male,77,237
5788,Male,77,234
5789,Male,77,224
5790,Male,77,594
5791,Male,77,186
5792,Male,78,13392
5793,Male,78,156
5794,Male,78,1265
5795,Male,78,684
5796,Male,78,616
5797,Male,78,611
5798,Male,78,506
5799,Male,78,303
5800,Male,78,218
5801,Male,78,140
5802,Male,78,389
5803,Male,78,486
5804,Male,78,208
5805,Male,78,248
5806,Male,78,509
5807,Male,78,438
5808,Male,78,416
5809,Male,78,530
5810,Male,78,971
5811,Male,78,520
5812,Male,78,584
5813,Male,78,520
5814,Male,78,350
5815,Male,78,165
5816,Male,78,567
5817,Male,78,110
5818,Male,78,483
5819,Male,78,230
5820,Male,78,218
5821,Male,78,216
5822,Male,78,553
5823,Male,78,182
5824,Male,79,12166
5825,Male,79,168
5826,Male,79,1220
5827,Male,79,655
5828,Male,79,566
5829,Male,79,535
5830,Male,79,469
5831,Male,79,270
5832,Male,79,178
5833,Male,79,109
5834,Male,79,291
5835,Male,79,392
5836,Male,79,213
5837,Male,79,206
5838,Male,79,445
5839,Male,79,392
5840,Male,79,314
5841,Male,79,477
5842,Male,79,851
5843,Male,79,500
5844,Male,79,559
5845,Male,79,486
5846,Male,79,349
5847,Male,79,155
5848,Male,79,499
5849,Male,79,100
5850,Male,79,428
5851,Male,79,219
5852,Male,79,222
5853,Male,79,197
5854,Male,79,502
5855,Male,79,199
5856,Male,80,10674
5857,Male,80,116
5858,Male,80,1034
5859,Male,80,591
5860,Male,80,478
5861,Male,80,472
5862,Male,80,373
5863,Male,80,249
5864,Male,80,155
5865,Male,80,92
5866,Male,80,272
5867,Male,80,372
5868,Male,80,158
5869,Male,80,202
5870,Male,80,435
5871,Male,80,334
5872,Male,80,295
5873,Male,80,516
5874,Male,80,790
5875,Male,80,372
5876,Male,80,431
5877,Male,80,383
5878,Male,80,321
5879,Male,80,150
5880,Male,80,499
5881,Male,80,82
5882,Male,80,407
5883,Male,80,171
5884,Male,80,176
5885,Male,80,175
5886,Male,80,456
5887,Male,80,117
5888,Male,81,9470
5889,Male,81,117
5890,Male,81,922
5891,Male,81,528
5892,Male,81,420
5893,Male,81,434
5894,Male,81,301
5895,Male,81,229
5896,Male,81,146
5897,Male,81,92
5898,Male,81,264
5899,Male,81,326
5900,Male,81,146
5901,Male,81,187
5902,Male,81,367
5903,Male,81,273
5904,Male,81,271
5905,Male,81,421
5906,Male,81,634
5907,Male,81,395
5908,Male,81,421
5909,Male,81,355
5910,Male,81,276
5911,Male,81,105
5912,Male,81,441
5913,Male,81,70
5914,Male,81,349
5915,Male,81,151
5916,Male,81,163
5917,Male,81,167
5918,Male,81,399
5919,Male,81,100
5920,Male,82,8779
5921,Male,82,109
5922,Male,82,919
5923,Male,82,563
5924,Male,82,410
5925,Male,82,410
5926,Male,82,274
5927,Male,82,174
5928,Male,82,121
5929,Male,82,80
5930,Male,82,223
5931,Male,82,293
5932,Male,82,159
5933,Male,82,141
5934,Male,82,312
5935,Male,82,266
5936,Male,82,239
5937,Male,82,393
5938,Male,82,622
5939,Male,82,340
5940,Male,82,380
5941,Male,82,333
5942,Male,82,246
5943,Male,82,100
5944,Male,82,395
5945,Male,82,88
5946,Male,82,289
5947,Male,82,147
5948,Male,82,138
5949,Male,82,127
5950,Male,82,365
5951,Male,82,123
5952,Male,83,7900
5953,Male,83,101
5954,Male,83,846
5955,Male,83,462
5956,Male,83,312
5957,Male,83,343
5958,Male,83,230
5959,Male,83,173
5960,Male,83,115
5961,Male,83,68
5962,Male,83,215
5963,Male,83,264
5964,Male,83,134
5965,Male,83,146
5966,Male,83,296
5967,Male,83,249
5968,Male,83,222
5969,Male,83,332
5970,Male,83,528
5971,Male,83,270
5972,Male,83,364
5973,Male,83,304
5974,Male,83,233
5975,Male,83,117
5976,Male,83,365
5977,Male,83,73
5978,Male,83,275
5979,Male,83,150
5980,Male,83,133
5981,Male,83,136
5982,Male,83,340
5983,Male,83,104
5984,Male,84,6765
5985,Male,84,87
5986,Male,84,739
5987,Male,84,410
5988,Male,84,277
5989,Male,84,290
5990,Male,84,218
5991,Male,84,159
5992,Male,84,106
5993,Male,84,66
5994,Male,84,194
5995,Male,84,204
5996,Male,84,105
5997,Male,84,116
5998,Male,84,254
5999,Male,84,214
6000,Male,84,187
6001,Male,84,309
6002,Male,84,461
6003,Male,84,276
6004,Male,84,278
6005,Male,84,272
6006,Male,84,167
6007,Male,84,88
6008,Male,84,297
6009,Male,84,57
6010,Male,84,232
6011,Male,84,119
6012,Male,84,110
6013,Male,84,107
6014,Male,84,272
6015,Male,84,94
6016,Male,85,6154
6017,Male,85,64
6018,Male,85,677
6019,Male,85,367
6020,Male,85,246
6021,Male,85,250
6022,Male,85,206
6023,Male,85,126
6024,Male,85,84
6025,Male,85,65
6026,Male,85,143
6027,Male,85,200
6028,Male,85,127
6029,Male,85,130
6030,Male,85,216
6031,Male,85,178
6032,Male,85,174
6033,Male,85,252
6034,Male,85,457
6035,Male,85,244
6036,Male,85,259
6037,Male,85,243
6038,Male,85,183
6039,Male,85,81
6040,Male,85,266
6041,Male,85,53
6042,Male,85,219
6043,Male,85,109
6044,Male,85,114
6045,Male,85,108
6046,Male,85,234
6047,Male,85,79
6048,Male,86,5370
6049,Male,86,73
6050,Male,86,574
6051,Male,86,335
6052,Male,86,207
6053,Male,86,226
6054,Male,86,153
6055,Male,86,118
6056,Male,86,81
6057,Male,86,61
6058,Male,86,125
6059,Male,86,186
6060,Male,86,94
6061,Male,86,111
6062,Male,86,183
6063,Male,86,161
6064,Male,86,158
6065,Male,86,236
6066,Male,86,412
6067,Male,86,179
6068,Male,86,235
6069,Male,86,210
6070,Male,86,168
6071,Male,86,71
6072,Male,86,235
6073,Male,86,38
6074,Male,86,204
6075,Male,86,106
6076,Male,86,92
6077,Male,86,98
6078,Male,86,168
6079,Male,86,72
6080,Male,87,4515
6081,Male,87,57
6082,Male,87,509
6083,Male,87,288
6084,Male,87,185
6085,Male,87,203
6086,Male,87,140
6087,Male,87,107
6088,Male,87,65
6089,Male,87,37
6090,Male,87,90
6091,Male,87,142
6092,Male,87,73
6093,Male,87,99
6094,Male,87,140
6095,Male,87,116
6096,Male,87,113
6097,Male,87,219
6098,Male,87,336
6099,Male,87,164
6100,Male,87,191
6101,Male,87,161
6102,Male,87,130
6103,Male,87,52
6104,Male,87,195
6105,Male,87,50
6106,Male,87,155
6107,Male,87,92
6108,Male,87,91
6109,Male,87,75
6110,Male,87,177
6111,Male,87,63
6112,Male,88,3771
6113,Male,88,37
6114,Male,88,444
6115,Male,88,256
6116,Male,88,105
6117,Male,88,138
6118,Male,88,101
6119,Male,88,77
6120,Male,88,52
6121,Male,88,42
6122,Male,88,101
6123,Male,88,111
6124,Male,88,72
6125,Male,88,69
6126,Male,88,153
6127,Male,88,94
6128,Male,88,114
6129,Male,88,163
6130,Male,88,263
6131,Male,88,139
6132,Male,88,148
6133,Male,88,145
6134,Male,88,108
6135,Male,88,66
6136,Male,88,176
6137,Male,88,34
6138,Male,88,154
6139,Male,88,75
6140,Male,88,68
6141,Male,88,83
6142,Male,88,131
6143,Male,88,52
6144,Male,89,3036
6145,Male,89,32
6146,Male,89,354
6147,Male,89,194
6148,Male,89,141
6149,Male,89,131
6150,Male,89,82
6151,Male,89,73
6152,Male,89,32
6153,Male,89,31
6154,Male,89,67
6155,Male,89,81
6156,Male,89,58
6157,Male,89,53
6158,Male,89,98
6159,Male,89,113
6160,Male,89,75
6161,Male,89,133
6162,Male,89,209
6163,Male,89,87
6164,Male,89,115
6165,Male,89,141
6166,Male,89,77
6167,Male,89,42
6168,Male,89,137
6169,Male,89,17
6170,Male,89,112
6171,Male,89,49
6172,Male,89,53
6173,Male,89,55
6174,Male,89,138
6175,Male,89,56
6176,Male,90,2444
6177,Male,90,17
6178,Male,90,271
6179,Male,90,181
6180,Male,90,85
6181,Male,90,121
6182,Male,90,72
6183,Male,90,49
6184,Male,90,26
6185,Male,90,17
6186,Male,90,57
6187,Male,90,67
6188,Male,90,44
6189,Male,90,39
6190,Male,90,78
6191,Male,90,64
6192,Male,90,68
6193,Male,90,113
6194,Male,90,193
6195,Male,90,81
6196,Male,90,93
6197,Male,90,99
6198,Male,90,78
6199,Male,90,34
6200,Male,90,111
6201,Male,90,28
6202,Male,90,99
6203,Male,90,49
6204,Male,90,45
6205,Male,90,39
6206,Male,90,94
6207,Male,90,32
6208,Male,91,1950
6209,Male,91,27
6210,Male,91,244
6211,Male,91,128
6212,Male,91,58
6213,Male,91,91
6214,Male,91,51
6215,Male,91,45
6216,Male,91,40
6217,Male,91,11
6218,Male,91,37
6219,Male,91,56
6220,Male,91,29
6221,Male,91,36
6222,Male,91,62
6223,Male,91,61
6224,Male,91,49
6225,Male,91,95
6226,Male,91,148
6227,Male,91,76
6228,Male,91,69
6229,Male,91,80
6230,Male,91,63
6231,Male,91,34
6232,Male,91,74
6233,Male,91,21
6234,Male,91,69
6235,Male,91,40
6236,Male,91,30
6237,Male,91,36
6238,Male,91,71
6239,Male,91,19
6240,Male,92,1297
6241,Male,92,14
6242,Male,92,169
6243,Male,92,93
6244,Male,92,42
6245,Male,92,50
6246,Male,92,41
6247,Male,92,25
6248,Male,92,17
6249,Male,92,7
6250,Male,92,34
6251,Male,92,41
6252,Male,92,25
6253,Male,92,29
6254,Male,92,45
6255,Male,92,33
6256,Male,92,28
6257,Male,92,60
6258,Male,92,93
6259,Male,92,40
6260,Male,92,47
6261,Male,92,68
6262,Male,92,33
6263,Male,92,19
6264,Male,92,59
6265,Male,92,12
6266,Male,92,44
6267,Male,92,22
6268,Male,92,16
6269,Male,92,15
6270,Male,92,54
6271,Male,92,22
6272,Male,93,937
6273,Male,93,4
6274,Male,93,125
6275,Male,93,68
6276,Male,93,38
6277,Male,93,31
6278,Male,93,33
6279,Male,93,21
6280,Male,93,17
6281,Male,93,6
6282,Male,93,25
6283,Male,93,34
6284,Male,93,9
6285,Male,93,16
6286,Male,93,34
6287,Male,93,20
6288,Male,93,20
6289,Male,93,38
6290,Male,93,64
6291,Male,93,35
6292,Male,93,34
6293,Male,93,45
6294,Male,93,25
6295,Male,93,10
6296,Male,93,38
6297,Male,93,10
6298,Male,93,29
6299,Male,93,20
6300,Male,93,16
6301,Male,93,15
6302,Male,93,41
6303,Male,93,16
6304,Male,94,718
6305,Male,94,6
6306,Male,94,98
6307,Male,94,65
6308,Male,94,24
6309,Male,94,28
6310,Male,94,25
6311,Male,94,19
6312,Male,94,8
6313,Male,94,7
6314,Male,94,11
6315,Male,94,20
6316,Male,94,20
6317,Male,94,11
6318,Male,94,22
6319,Male,94,23
6320,Male,94,14
6321,Male,94,17
6322,Male,94,43
6323,Male,94,22
6324,Male,94,24
6325,Male,94,28
6326,Male,94,17
6327,Male,94,9
6328,Male,94,39
6329,Male,94,8
6330,Male,94,28
6331,Male,94,23
6332,Male,94,12
6333,Male,94,12
6334,Male,94,26
6335,Male,94,9
6336,Male,95,482
6337,Male,95,2
6338,Male,95,71
6339,Male,95,40
6340,Male,95,14
6341,Male,95,23
6342,Male,95,14
6343,Male,95,8
6344,Male,95,5
6345,Male,95,1
6346,Male,95,11
6347,Male,95,19
6348,Male,95,8
6349,Male,95,12
6350,Male,95,15
6351,Male,95,15
6352,Male,95,13
6353,Male,95,19
6354,Male,95,37
6355,Male,95,10
6356,Male,95,18
6357,Male,95,21
6358,Male,95,4
6359,Male,95,4
6360,Male,95,29
6361,Male,95,7
6362,Male,95,12
6363,Male,95,8
6364,Male,95,5
6365,Male,95,8
6366,Male,95,28
6367,Male,95,1
6368,Male,96,327
6369,Male,96,3
6370,Male,96,58
6371,Male,96,34
6372,Male,96,16
6373,Male,96,7
6374,Male,96,8
6375,Male,96,9
6376,Male,96,1
6377,Male,96,3
6378,Male,96,5
6379,Male,96,9
6380,Male,96,8
6381,Male,96,7
6382,Male,96,9
6383,Male,96,12
6384,Male,96,12
6385,Male,96,11
6386,Male,96,18
6387,Male,96,9
6388,Male,96,14
6389,Male,96,7
6390,Male,96,7
6391,Male,96,3
6392,Male,96,7
6393,Male,96,0
6394,Male,96,10
6395,Male,96,9
6396,Male,96,7
6397,Male,96,7
6398,Male,96,14
6399,Male,96,3
6400,Male,97,217
6401,Male,97,2
6402,Male,97,28
6403,Male,97,14
6404,Male,97,11
6405,Male,97,9
6406,Male,97,7
6407,Male,97,5
6408,Male,97,2
6409,Male,97,2
6410,Male,97,5
6411,Male,97,6
6412,Male,97,3
6413,Male,97,5
6414,Male,97,6
6415,Male,97,4
6416,Male,97,11
6417,Male,97,11
6418,Male,97,16
6419,Male,97,13
6420,Male,97,9
6421,Male,97,6
6422,Male,97,5
6423,Male,97,2
6424,Male,97,8
6425,Male,97,3
6426,Male,97,10
6427,Male,97,1
6428,Male,97,4
6429,Male,97,3
6430,Male,97,6
6431,Male,97,0
6432,Male,98,130
6433,Male,98,2
6434,Male,98,24
6435,Male,98,10
6436,Male,98,3
6437,Male,98,4
6438,Male,98,3
6439,Male,98,2
6440,Male,98,4
6441,Male,98,0
6442,Male,98,3
6443,Male,98,3
6444,Male,98,1
6445,Male,98,3
6446,Male,98,4
6447,Male,98,4
6448,Male,98,3
6449,Male,98,3
6450,Male,98,7
6451,Male,98,4
6452,Male,98,9
6453,Male,98,5
6454,Male,98,4
6455,Male,98,1
6456,Male,98,5
6457,Male,98,1
6458,Male,98,9
6459,Male,98,1
6460,Male,98,1
6461,Male,98,1
6462,Male,98,4
6463,Male,98,2
6464,Male,99,105
6465,Male,99,1
6466,Male,99,15
6467,Male,99,6
6468,Male,99,2
6469,Male,99,7
6470,Male,99,1
6471,Male,99,4
6472,Male,99,0
6473,Male,99,1
6474,Male,99,1
6475,Male,99,3
6476,Male,99,0
6477,Male,99,3
6478,Male,99,6
6479,Male,99,1
6480,Male,99,3
6481,Male,99,4
6482,Male,99,8
6483,Male,99,3
6484,Male,99,6
6485,Male,99,5
6486,Male,99,4
6487,Male,99,3
6488,Male,99,6
6489,Male,99,0
6490,Male,99,2
6491,Male,99,3
6492,Male,99,2
6493,Male,99,0
6494,Male,99,5
6495,Male,99,0
6496,Male,100,154
6497,Male,100,0
6498,Male,100,20
6499,Male,100,13
6500,Male,100,4
6501,Male,100,7
6502,Male,100,6
6503,Male,100,6
6504,Male,100,0
6505,Male,100,1
6506,Male,100,5
6507,Male,100,4
6508,Male,100,1
6509,Male,100,3
6510,Male,100,2
6511,Male,100,3
6512,Male,100,3
6513,Male,100,6
6514,Male,100,11
6515,Male,100,2
6516,Male,100,7
6517,Male,100,4
6518,Male,100,4
6519,Male,100,3
6520,Male,100,16
6521,Male,100,0
6522,Male,100,6
6523,Male,100,5
6524,Male,100,3
6525,Male,100,6
6526,Male,100,2
6527,Male,100,1
7520,Female,30,32841
7521,Female,30,338
7522,Female,30,6178
7523,Female,30,1601
7524,Female,30,2088
7525,Female,30,2002
7526,Female,30,1488
7527,Female,30,552
7528,Female,30,517
7529,Female,30,287
7530,Female,30,801
7531,Female,30,1256
7532,Female,30,493
7533,Female,30,575
7534,Female,30,940
7535,Female,30,837
7536,Female,30,627
7537,Female,30,1734
7538,Female,30,1873
7539,Female,30,799
7540,Female,30,1265
7541,Female,30,917
7542,Female,30,715
7543,Female,30,725
7544,Female,30,990
7545,Female,30,172
7546,Female,30,696
7547,Female,30,360
7548,Female,30,334
7549,Female,30,425
7550,Female,30,906
7551,Female,30,350
7552,Female,31,33710
7553,Female,31,390
7554,Female,31,6079
7555,Female,31,1555
7556,Female,31,2180
7557,Female,31,2065
7558,Female,31,1594
7559,Female,31,614
7560,Female,31,512
7561,Female,31,252
7562,Female,31,880
7563,Female,31,1331
7564,Female,31,482
7565,Female,31,590
7566,Female,31,914
7567,Female,31,890
7568,Female,31,708
7569,Female,31,1814
7570,Female,31,1970
7571,Female,31,813
7572,Female,31,1317
7573,Female,31,908
7574,Female,31,749
7575,Female,31,705
7576,Female,31,972
7577,Female,31,211
7578,Female,31,737
7579,Female,31,385
7580,Female,31,361
7581,Female,31,457
7582,Female,31,892
7583,Female,31,383
7584,Female,32,34382
7585,Female,32,384
7586,Female,32,5964
7587,Female,32,1649
7588,Female,32,2240
7589,Female,32,2161
7590,Female,32,1551
7591,Female,32,572
7592,Female,32,530
7593,Female,32,271
7594,Female,32,873
7595,Female,32,1427
7596,Female,32,476
7597,Female,32,633
7598,Female,32,976
7599,Female,32,875
7600,Female,32,688
7601,Female,32,1837
7602,Female,32,2050
7603,Female,32,843
7604,Female,32,1356
7605,Female,32,947
7606,Female,32,779
7607,Female,32,699
7608,Female,32,1047
7609,Female,32,217
7610,Female,32,763
7611,Female,32,355
7612,Female,32,381
7613,Female,32,530
7614,Female,32,936
7615,Female,32,372
7616,Female,33,34489
7617,Female,33,384
7618,Female,33,5700
7619,Female,33,1581
7620,Female,33,2439
7621,Female,33,2184
7622,Female,33,1665
7623,Female,33,568
7624,Female,33,583
7625,Female,33,288
7626,Female,33,922
7627,Female,33,1402
7628,Female,33,490
7629,Female,33,607
7630,Female,33,1009
7631,Female,33,943
7632,Female,33,695
7633,Female,33,1705
7634,Female,33,2023
7635,Female,33,919
7636,Female,33,1313
7637,Female,33,945
7638,Female,33,776
7639,Female,33,628
7640,Female,33,1100
7641,Female,33,206
7642,Female,33,758
7643,Female,33,373
7644,Female,33,432
7645,Female,33,489
7646,Female,33,961
7647,Female,33,401
7648,Female,34,36284
7649,Female,34,414
7650,Female,34,5545
7651,Female,34,1556
7652,Female,34,2599
7653,Female,34,2330
7654,Female,34,1780
7655,Female,34,636
7656,Female,34,631
7657,Female,34,337
7658,Female,34,941
7659,Female,34,1556
7660,Female,34,532
7661,Female,34,663
7662,Female,34,1058
7663,Female,34,981
7664,Female,34,741
7665,Female,34,1774
7666,Female,34,2216
7667,Female,34,907
7668,Female,34,1424
7669,Female,34,1024
7670,Female,34,846
7671,Female,34,721
7672,Female,34,1177
7673,Female,34,217
7674,Female,34,856
7675,Female,34,399
7676,Female,34,416
7677,Female,34,513
7678,Female,34,1077
7679,Female,34,417
7680,Female,35,37940
7681,Female,35,446
7682,Female,35,5444
7683,Female,35,1548
7684,Female,35,2691
7685,Female,35,2409
7686,Female,35,1864
7687,Female,35,741
7688,Female,35,698
7689,Female,35,317
7690,Female,35,1044
7691,Female,35,1652
7692,Female,35,528
7693,Female,35,731
7694,Female,35,1152
7695,Female,35,1060
7696,Female,35,787
7697,Female,35,1780
7698,Female,35,2430
7699,Female,35,1002
7700,Female,35,1468
7701,Female,35,1175
7702,Female,35,938
7703,Female,35,667
7704,Female,35,1292
7705,Female,35,227
7706,Female,35,871
7707,Female,35,476
7708,Female,35,441
7709,Female,35,560
7710,Female,35,1057
7711,Female,35,444
7712,Female,36,39030
7713,Female,36,438
7714,Female,36,5218
7715,Female,36,1677
7716,Female,36,2843
7717,Female,36,2539
7718,Female,36,2015
7719,Female,36,717
7720,Female,36,717
7721,Female,36,347
7722,Female,36,1034
7723,Female,36,1723
7724,Female,36,581
7725,Female,36,780
7726,Female,36,1122
7727,Female,36,1153
7728,Female,36,828
7729,Female,36,1760
7730,Female,36,2584
7731,Female,36,1032
7732,Female,36,1593
7733,Female,36,1135
7734,Female,36,905
7735,Female,36,707
7736,Female,36,1301
7737,Female,36,240
7738,Female,36,909
7739,Female,36,459
7740,Female,36,491
7741,Female,36,602
7742,Female,36,1107
7743,Female,36,473
7744,Female,37,39193
7745,Female,37,457
7746,Female,37,4902
7747,Female,37,1694
7748,Female,37,2808
7749,Female,37,2541
7750,Female,37,2009
7751,Female,37,708
7752,Female,37,737
7753,Female,37,345
7754,Female,37,1044
7755,Female,37,1731
7756,Female,37,598
7757,Female,37,719
7758,Female,37,1175
7759,Female,37,1191
7760,Female,37,923
7761,Female,37,1872
7762,Female,37,2611
7763,Female,37,1122
7764,Female,37,1555
7765,Female,37,1140
7766,Female,37,889
7767,Female,37,657
7768,Female,37,1354
7769,Female,37,234
7770,Female,37,973
7771,Female,37,518
7772,Female,37,515
7773,Female,37,604
7774,Female,37,1115
7775,Female,37,452
7776,Female,38,40902
7777,Female,38,483
7778,Female,38,5053
7779,Female,38,1801
7780,Female,38,2926
7781,Female,38,2511
7782,Female,38,2114
7783,Female,38,803
7784,Female,38,820
7785,Female,38,378
7786,Female,38,1127
7787,Female,38,1852
7788,Female,38,611
7789,Female,38,794
7790,Female,38,1239
7791,Female,38,1277
7792,Female,38,955
7793,Female,38,1737
7794,Female,38,2723
7795,Female,38,1220
7796,Female,38,1594
7797,Female,38,1194
7798,Female,38,954
7799,Female,38,707
7800,Female,38,1485
7801,Female,38,252
7802,Female,38,963
7803,Female,38,513
7804,Female,38,523
7805,Female,38,684
7806,Female,38,1119
7807,Female,38,490
7808,Female,39,42592
7809,Female,39,553
7810,Female,39,4939
7811,Female,39,1878
7812,Female,39,3147
7813,Female,39,2797
7814,Female,39,2246
7815,Female,39,832
7816,Female,39,839
7817,Female,39,388
7818,Female,39,1092
7819,Female,39,1858
7820,Female,39,668
7821,Female,39,757
7822,Female,39,1230
7823,Female,39,1336
7824,Female,39,945
7825,Female,39,1858
7826,Female,39,3007
7827,Female,39,1229
7828,Female,39,1690
7829,Female,39,1300
7830,Female,39,977
7831,Female,39,747
7832,Female,39,1534
7833,Female,39,253
7834,Female,39,1033
7835,Female,39,509
7836,Female,39,514
7837,Female,39,656
7838,Female,39,1237
7839,Female,39,543
7840,Female,40,43143
7841,Female,40,487
7842,Female,40,4809
7843,Female,40,1910
7844,Female,40,3131
7845,Female,40,2822
7846,Female,40,2276
7847,Female,40,776
7848,Female,40,814
7849,Female,40,409
7850,Female,40,1170
7851,Female,40,1927
7852,Female,40,706
7853,Female,40,781
7854,Female,40,1347
7855,Female,40,1400
7856,Female,40,999
7857,Female,40,1879
7858,Female,40,3058
7859,Female,40,1239
7860,Female,40,1657
7861,Female,40,1297
7862,Female,40,978
7863,Female,40,687
7864,Female,40,1652
7865,Female,40,271
7866,Female,40,1126
7867,Female,40,556
7868,Female,40,538
7869,Female,40,630
7870,Female,40,1293
7871,Female,40,518
7872,Female,41,43696
7873,Female,41,537
7874,Female,41,4926
7875,Female,41,1944
7876,Female,41,3200
7877,Female,41,2792
7878,Female,41,2267
7879,Female,41,883
7880,Female,41,830
7881,Female,41,367
7882,Female,41,1210
7883,Female,41,1968
7884,Female,41,690
7885,Female,41,802
7886,Female,41,1320
7887,Female,41,1385
7888,Female,41,1057
7889,Female,41,1834
7890,Female,41,3058
7891,Female,41,1252
7892,Female,41,1699
7893,Female,41,1333
7894,Female,41,1039
7895,Female,41,680
7896,Female,41,1596
7897,Female,41,264
7898,Female,41,1119
7899,Female,41,554
7900,Female,41,546
7901,Female,41,702
7902,Female,41,1319
7903,Female,41,523
7904,Female,42,43337
7905,Female,42,517
7906,Female,42,4621
7907,Female,42,1878
7908,Female,42,3281
7909,Female,42,2802
7910,Female,42,2218
7911,Female,42,824
7912,Female,42,822
7913,Female,42,438
7914,Female,42,1189
7915,Female,42,1996
7916,Female,42,708
7917,Female,42,761
7918,Female,42,1407
7919,Female,42,1438
7920,Female,42,1060
7921,Female,42,1688
7922,Female,42,3210
7923,Female,42,1259
7924,Female,42,1675
7925,Female,42,1327
7926,Female,42,1072
7927,Female,42,723
7928,Female,42,1597
7929,Female,42,289
7930,Female,42,1014
7931,Female,42,541
7932,Female,42,548
7933,Female,42,656
7934,Female,42,1288
7935,Female,42,490
7936,Female,43,41408
7937,Female,43,463
7938,Female,43,4393
7939,Female,43,1812
7940,Female,43,3065
7941,Female,43,2720
7942,Female,43,2155
7943,Female,43,813
7944,Female,43,733
7945,Female,43,360
7946,Female,43,1125
7947,Female,43,2000
7948,Female,43,664
7949,Female,43,789
7950,Female,43,1326
7951,Female,43,1308
7952,Female,43,989
7953,Female,43,1649
7954,Female,43,3056
7955,Female,43,1242
7956,Female,43,1609
7957,Female,43,1250
7958,Female,43,975
7959,Female,43,621
7960,Female,43,1559
7961,Female,43,280
7962,Female,43,1000
7963,Female,43,535
7964,Female,43,557
7965,Female,43,611
7966,Female,43,1241
7967,Female,43,508
7968,Female,44,39379
7969,Female,44,459
7970,Female,44,4160
7971,Female,44,1680
7972,Female,44,2976
7973,Female,44,2293
7974,Female,44,2017
7975,Female,44,797
7976,Female,44,755
7977,Female,44,340
7978,Female,44,1107
7979,Female,44,1866
7980,Female,44,623
7981,Female,44,715
7982,Female,44,1201
7983,Female,44,1291
7984,Female,44,987
7985,Female,44,1568
7986,Female,44,2889
7987,Female,44,1170
7988,Female,44,1551
7989,Female,44,1210
7990,Female,44,1010
7991,Female,44,600
7992,Female,44,1578
7993,Female,44,254
7994,Female,44,956
7995,Female,44,503
7996,Female,44,475
7997,Female,44,630
7998,Female,44,1245
7999,Female,44,473
8000,Female,45,38506
8001,Female,45,498
8002,Female,45,3898
8003,Female,45,1609
8004,Female,45,2862
8005,Female,45,2282
8006,Female,45,2007
8007,Female,45,781
8008,Female,45,701
8009,Female,45,391
8010,Female,45,1063
8011,Female,45,1805
8012,Female,45,596
8013,Female,45,676
8014,Female,45,1255
8015,Female,45,1223
8016,Female,45,940
8017,Female,45,1583
8018,Female,45,2853
8019,Female,45,1117
8020,Female,45,1493
8021,Female,45,1206
8022,Female,45,998
8023,Female,45,631
8024,Female,45,1576
8025,Female,45,239
8026,Female,45,946
8027,Female,45,470
8028,Female,45,508
8029,Female,45,587
8030,Female,45,1235
8031,Female,45,477
8032,Female,46,38127
8033,Female,46,486
8034,Female,46,3846
8035,Female,46,1606
8036,Female,46,2771
8037,Female,46,2301
8038,Female,46,1989
8039,Female,46,813
8040,Female,46,711
8041,Female,46,334
8042,Female,46,1062
8043,Female,46,1824
8044,Female,46,603
8045,Female,46,661
8046,Female,46,1152
8047,Female,46,1237
8048,Female,46,1050
8049,Female,46,1515
8050,Female,46,2841
8051,Female,46,1184
8052,Female,46,1482
8053,Female,46,1152
8054,Female,46,921
8055,Female,46,633
8056,Female,46,1494
8057,Female,46,246
8058,Female,46,976
8059,Female,46,519
8060,Female,46,506
8061,Female,46,565
8062,Female,46,1189
8063,Female,46,458
8064,Female,47,37471
8065,Female,47,418
8066,Female,47,3607
8067,Female,47,1627
8068,Female,47,2769
8069,Female,47,2142
8070,Female,47,1924
8071,Female,47,802
8072,Female,47,655
8073,Female,47,326
8074,Female,47,1045
8075,Female,47,1786
8076,Female,47,602
8077,Female,47,742
8078,Female,47,1219
8079,Female,47,1250
8080,Female,47,913
8081,Female,47,1468
8082,Female,47,2850
8083,Female,47,1145
8084,Female,47,1468
8085,Female,47,1242
8086,Female,47,944
8087,Female,47,572
8088,Female,47,1484
8089,Female,47,249
8090,Female,47,945
8091,Female,47,502
8092,Female,47,515
8093,Female,47,570
8094,Female,47,1203
8095,Female,47,487
8096,Female,48,37145
8097,Female,48,430
8098,Female,48,3737
8099,Female,48,1623
8100,Female,48,2696
8101,Female,48,2159
8102,Female,48,1949
8103,Female,48,765
8104,Female,48,703
8105,Female,48,319
8106,Female,48,1052
8107,Female,48,1734
8108,Female,48,608
8109,Female,48,736
8110,Female,48,1154
8111,Female,48,1225
8112,Female,48,962
8113,Female,48,1417
8114,Female,48,2756
8115,Female,48,1090
8116,Female,48,1448
8117,Female,48,1225
8118,Female,48,913
8119,Female,48,555
8120,Female,48,1484
8121,Female,48,256
8122,Female,48,958
8123,Female,48,484
8124,Female,48,479
8125,Female,48,599
8126,Female,48,1203
8127,Female,48,426
8128,Female,49,37081
8129,Female,49,493
8130,Female,49,3703
8131,Female,49,1604
8132,Female,49,2585
8133,Female,49,2123
8134,Female,49,1993
8135,Female,49,798
8136,Female,49,658
8137,Female,49,322
8138,Female,49,1059
8139,Female,49,1699
8140,Female,49,573
8141,Female,49,657
8142,Female,49,1229
8143,Female,49,1215
8144,Female,49,982
8145,Female,49,1376
8146,Female,49,2769
8147,Female,49,1184
8148,Female,49,1449
8149,Female,49,1263
8150,Female,49,917
8151,Female,49,529
8152,Female,49,1504
8153,Female,49,254
8154,Female,49,967
8155,Female,49,455
8156,Female,49,533
8157,Female,49,538
8158,Female,49,1210
8159,Female,49,440
8160,Female,50,36199
8161,Female,50,454
8162,Female,50,3721
8163,Female,50,1607
8164,Female,50,2470
8165,Female,50,1969
8166,Female,50,1867
8167,Female,50,777
8168,Female,50,647
8169,Female,50,312
8170,Female,50,1043
8171,Female,50,1710
8172,Female,50,589
8173,Female,50,656
8174,Female,50,1244
8175,Female,50,1179
8176,Female,50,1033
8177,Female,50,1470
8178,Female,50,2655
8179,Female,50,1097
8180,Female,50,1371
8181,Female,50,1174
8182,Female,50,885
8183,Female,50,506
8184,Female,50,1434
8185,Female,50,240
8186,Female,50,922
8187,Female,50,502
8188,Female,50,487
8189,Female,50,556
8190,Female,50,1204
8191,Female,50,418
8192,Female,51,35025
8193,Female,51,436
8194,Female,51,3584
8195,Female,51,1513
8196,Female,51,2314
8197,Female,51,1940
8198,Female,51,1718
8199,Female,51,738
8200,Female,51,634
8201,Female,51,330
8202,Female,51,1003
8203,Female,51,1595
8204,Female,51,593
8205,Female,51,667
8206,Female,51,1160
8207,Female,51,1165
8208,Female,51,911
8209,Female,51,1388
8210,Female,51,2582
8211,Female,51,1075
8212,Female,51,1390
8213,Female,51,1177
8214,Female,51,909
8215,Female,51,499
8216,Female,51,1439
8217,Female,51,260
8218,Female,51,933
8219,Female,51,461
8220,Female,51,440
8221,Female,51,580
8222,Female,51,1172
8223,Female,51,419
8224,Female,52,34414
8225,Female,52,403
8226,Female,52,3663
8227,Female,52,1524
8228,Female,52,2147
8229,Female,52,1843
8230,Female,52,1676
8231,Female,52,667
8232,Female,52,612
8233,Female,52,305
8234,Female,52,991
8235,Female,52,1510
8236,Female,52,545
8237,Female,52,656
8238,Female,52,1156
8239,Female,52,1150
8240,Female,52,976
8241,Female,52,1392
8242,Female,52,2516
8243,Female,52,1158
8244,Female,52,1381
8245,Female,52,1129
8246,Female,52,871
8247,Female,52,452
8248,Female,52,1369
8249,Female,52,259
8250,Female,52,996
8251,Female,52,478
8252,Female,52,479
8253,Female,52,553
8254,Female,52,1157
8255,Female,52,400
8256,Female,53,32204
8257,Female,53,385
8258,Female,53,3291
8259,Female,53,1494
8260,Female,53,2016
8261,Female,53,1730
8262,Female,53,1606
8263,Female,53,719
8264,Female,53,544
8265,Female,53,304
8266,Female,53,920
8267,Female,53,1415
8268,Female,53,521
8269,Female,53,627
8270,Female,53,1086
8271,Female,53,1031
8272,Female,53,870
8273,Female,53,1262
8274,Female,53,2381
8275,Female,53,1068
8276,Female,53,1206
8277,Female,53,1064
8278,Female,53,815
8279,Female,53,479
8280,Female,53,1284
8281,Female,53,234
8282,Female,53,968
8283,Female,53,441
8284,Female,53,424
8285,Female,53,491
8286,Female,53,1143
8287,Female,53,385
8288,Female,54,32168
8289,Female,54,382
8290,Female,54,3363
8291,Female,54,1497
8292,Female,54,1936
8293,Female,54,1685
8294,Female,54,1552
8295,Female,54,671
8296,Female,54,545
8297,Female,54,287
8298,Female,54,919
8299,Female,54,1399
8300,Female,54,522
8301,Female,54,618
8302,Female,54,1107
8303,Female,54,1003
8304,Female,54,920
8305,Female,54,1301
8306,Female,54,2383
8307,Female,54,1053
8308,Female,54,1253
8309,Female,54,1129
8310,Female,54,805
8311,Female,54,453
8312,Female,54,1286
8313,Female,54,246
8314,Female,54,870
8315,Female,54,441
8316,Female,54,448
8317,Female,54,515
8318,Female,54,1165
8319,Female,54,414
8320,Female,55,31563
8321,Female,55,392
8322,Female,55,3133
8323,Female,55,1549
8324,Female,55,1855
8325,Female,55,1632
8326,Female,55,1529
8327,Female,55,679
8328,Female,55,548
8329,Female,55,315
8330,Female,55,833
8331,Female,55,1335
8332,Female,55,519
8333,Female,55,608
8334,Female,55,1147
8335,Female,55,1033
8336,Female,55,891
8337,Female,55,1271
8338,Female,55,2229
8339,Female,55,1045
8340,Female,55,1210
8341,Female,55,1139
8342,Female,55,814
8343,Female,55,471
8344,Female,55,1234
8345,Female,55,233
8346,Female,55,938
8347,Female,55,474
8348,Female,55,461
8349,Female,55,511
8350,Female,55,1133
8351,Female,55,402
8352,Female,56,31279
8353,Female,56,418
8354,Female,56,3208
8355,Female,56,1442
8356,Female,56,1805
8357,Female,56,1548
8358,Female,56,1483
8359,Female,56,674
8360,Female,56,539
8361,Female,56,256
8362,Female,56,875
8363,Female,56,1267
8364,Female,56,530
8365,Female,56,588
8366,Female,56,1081
8367,Female,56,1017
8368,Female,56,911
8369,Female,56,1334
8370,Female,56,2345
8371,Female,56,1096
8372,Female,56,1218
8373,Female,56,1053
8374,Female,56,821
8375,Female,56,445
8376,Female,56,1210
8377,Female,56,233
8378,Female,56,970
8379,Female,56,452
8380,Female,56,473
8381,Female,56,488
8382,Female,56,1136
8383,Female,56,363
8384,Female,57,31764
8385,Female,57,385
8386,Female,57,3273
8387,Female,57,1500
8388,Female,57,1773
8389,Female,57,1755
8390,Female,57,1470
8391,Female,57,709
8392,Female,57,532
8393,Female,57,263
8394,Female,57,831
8395,Female,57,1291
8396,Female,57,528
8397,Female,57,646
8398,Female,57,1178
8399,Female,57,1073
8400,Female,57,824
8401,Female,57,1366
8402,Female,57,2305
8403,Female,57,1085
8404,Female,57,1295
8405,Female,57,1076
8406,Female,57,844
8407,Female,57,444
8408,Female,57,1244
8409,Female,57,231
8410,Female,57,948
8411,Female,57,432
8412,Female,57,448
8413,Female,57,476
8414,Female,57,1131
8415,Female,57,408
8416,Female,58,30660
8417,Female,58,368
8418,Female,58,3196
8419,Female,58,1478
8420,Female,58,1705
8421,Female,58,1644
8422,Female,58,1407
8423,Female,58,642
8424,Female,58,541
8425,Female,58,232
8426,Female,58,802
8427,Female,58,1242
8428,Female,58,500
8429,Female,58,586
8430,Female,58,1096
8431,Female,58,993
8432,Female,58,848
8433,Female,58,1369
8434,Female,58,2176
8435,Female,58,1013
8436,Female,58,1225
8437,Female,58,1114
8438,Female,58,819
8439,Female,58,411
8440,Female,58,1193
8441,Female,58,241
8442,Female,58,932
8443,Female,58,462
8444,Female,58,480
8445,Female,58,496
8446,Female,58,1055
8447,Female,58,394
8448,Female,59,30000
8449,Female,59,360
8450,Female,59,3205
8451,Female,59,1499
8452,Female,59,1669
8453,Female,59,1587
8454,Female,59,1320
8455,Female,59,672
8456,Female,59,466
8457,Female,59,272
8458,Female,59,808
8459,Female,59,1139
8460,Female,59,467
8461,Female,59,574
8462,Female,59,1067
8463,Female,59,970
8464,Female,59,823
8465,Female,59,1354
8466,Female,59,2109
8467,Female,59,1023
8468,Female,59,1223
8469,Female,59,1074
8470,Female,59,818
8471,Female,59,424
8472,Female,59,1175
8473,Female,59,214
8474,Female,59,881
8475,Female,59,453
8476,Female,59,454
8477,Female,59,480
8478,Female,59,1019
8479,Female,59,401
8480,Female,60,29063
8481,Female,60,317
8482,Female,60,3065
8483,Female,60,1404
8484,Female,60,1591
8485,Female,60,1547
8486,Female,60,1235
8487,Female,60,643
8488,Female,60,459
8489,Female,60,259
8490,Female,60,727
8491,Female,60,1121
8492,Female,60,519
8493,Female,60,522
8494,Female,60,1035
8495,Female,60,989
8496,Female,60,757
8497,Female,60,1327
8498,Female,60,1978
8499,Female,60,1055
8500,Female,60,1206
8501,Female,60,1055
8502,Female,60,810
8503,Female,60,384
8504,Female,60,1111
8505,Female,60,188
8506,Female,60,927
8507,Female,60,461
8508,Female,60,433
8509,Female,60,468
8510,Female,60,1092
8511,Female,60,378
8512,Female,61,28856
8513,Female,61,350
8514,Female,61,2975
8515,Female,61,1344
8516,Female,61,1600
8517,Female,61,1542
8518,Female,61,1257
8519,Female,61,661
8520,Female,61,509
8521,Female,61,261
8522,Female,61,788
8523,Female,61,1085
8524,Female,61,483
8525,Female,61,548
8526,Female,61,1085
8527,Female,61,918
8528,Female,61,737
8529,Female,61,1310
8530,Female,61,2073
8531,Female,61,990
8532,Female,61,1139
8533,Female,61,1030
8534,Female,61,757
8535,Female,61,420
8536,Female,61,1175
8537,Female,61,214
8538,Female,61,859
8539,Female,61,437
8540,Female,61,469
8541,Female,61,461
8542,Female,61,996
8543,Female,61,383
8544,Female,62,27899
8545,Female,62,380
8546,Female,62,2866
8547,Female,62,1282
8548,Female,62,1540
8549,Female,62,1559
8550,Female,62,1156
8551,Female,62,638
8552,Female,62,444
8553,Female,62,233
8554,Female,62,706
8555,Female,62,1065
8556,Female,62,489
8557,Female,62,517
8558,Female,62,974
8559,Female,62,873
8560,Female,62,738
8561,Female,62,1244
8562,Female,62,1916
8563,Female,62,974
8564,Female,62,1196
8565,Female,62,987
8566,Female,62,735
8567,Female,62,406
8568,Female,62,1086
8569,Female,62,200
8570,Female,62,923
8571,Female,62,439
8572,Female,62,508
8573,Female,62,445
8574,Female,62,1033
8575,Female,62,347
8576,Female,63,26312
8577,Female,63,316
8578,Female,63,2642
8579,Female,63,1260
8580,Female,63,1423
8581,Female,63,1452
8582,Female,63,1121
8583,Female,63,568
8584,Female,63,432
8585,Female,63,237
8586,Female,63,659
8587,Female,63,980
8588,Female,63,443
8589,Female,63,486
8590,Female,63,918
8591,Female,63,811
8592,Female,63,794
8593,Female,63,1167
8594,Female,63,1861
8595,Female,63,989
8596,Female,63,1046
8597,Female,63,930
8598,Female,63,694
8599,Female,63,380
8600,Female,63,1056
8601,Female,63,211
8602,Female,63,872
8603,Female,63,415
8604,Female,63,396
8605,Female,63,406
8606,Female,63,982
8607,Female,63,365
8608,Female,64,26109
8609,Female,64,323
8610,Female,64,2624
8611,Female,64,1212
8612,Female,64,1310
8613,Female,64,1445
8614,Female,64,1084
8615,Female,64,558
8616,Female,64,419
8617,Female,64,230
8618,Female,64,658
8619,Female,64,937
8620,Female,64,405
8621,Female,64,498
8622,Female,64,919
8623,Female,64,842
8624,Female,64,719
8625,Female,64,1147
8626,Female,64,1828
8627,Female,64,1011
8628,Female,64,1109
8629,Female,64,974
8630,Female,64,692
8631,Female,64,373
8632,Female,64,1075
8633,Female,64,211
8634,Female,64,934
8635,Female,64,454
8636,Female,64,438
8637,Female,64,412
8638,Female,64,916
8639,Female,64,352
8640,Female,65,25183
8641,Female,65,306
8642,Female,65,2545
8643,Female,65,1226
8644,Female,65,1309
8645,Female,65,1450
8646,Female,65,1040
8647,Female,65,543
8648,Female,65,419
8649,Female,65,261
8650,Female,65,678
8651,Female,65,916
8652,Female,65,400
8653,Female,65,488
8654,Female,65,841
8655,Female,65,784
8656,Female,65,650
8657,Female,65,1064
8658,Female,65,1718
8659,Female,65,926
8660,Female,65,1089
8661,Female,65,915
8662,Female,65,641
8663,Female,65,383
8664,Female,65,1039
8665,Female,65,222
8666,Female,65,856
8667,Female,65,404
8668,Female,65,433
8669,Female,65,406
8670,Female,65,881
8671,Female,65,350
8672,Female,66,24662
8673,Female,66,286
8674,Female,66,2490
8675,Female,66,1166
8676,Female,66,1300
8677,Female,66,1435
8678,Female,66,1065
8679,Female,66,492
8680,Female,66,389
8681,Female,66,220
8682,Female,66,605
8683,Female,66,872
8684,Female,66,436
8685,Female,66,463
8686,Female,66,844
8687,Female,66,794
8688,Female,66,704
8689,Female,66,1045
8690,Female,66,1762
8691,Female,66,890
8692,Female,66,1049
8693,Female,66,886
8694,Female,66,652
8695,Female,66,341
8696,Female,66,1025
8697,Female,66,182
8698,Female,66,854
8699,Female,66,411
8700,Female,66,406
8701,Female,66,424
8702,Female,66,881
8703,Female,66,293
8704,Female,67,24524
8705,Female,67,291
8706,Female,67,2399
8707,Female,67,1158
8708,Female,67,1237
8709,Female,67,1403
8710,Female,67,1098
8711,Female,67,524
8712,Female,67,380
8713,Female,67,213
8714,Female,67,606
8715,Female,67,946
8716,Female,67,389
8717,Female,67,474
8718,Female,67,847
8719,Female,67,778
8720,Female,67,689
8721,Female,67,952
8722,Female,67,1783
8723,Female,67,944
8724,Female,67,1043
8725,Female,67,896
8726,Female,67,656
8727,Female,67,329
8728,Female,67,999
8729,Female,67,228
8730,Female,67,864
8731,Female,67,414
8732,Female,67,386
8733,Female,67,374
8734,Female,67,911
8735,Female,67,313
8736,Female,68,23018
8737,Female,68,274
8738,Female,68,2139
8739,Female,68,1112
8740,Female,68,1213
8741,Female,68,1350
8742,Female,68,952
8743,Female,68,495
8744,Female,68,381
8745,Female,68,205
8746,Female,68,578
8747,Female,68,824
8748,Female,68,399
8749,Female,68,438
8750,Female,68,857
8751,Female,68,675
8752,Female,68,648
8753,Female,68,944
8754,Female,68,1691
8755,Female,68,864
8756,Female,68,931
8757,Female,68,823
8758,Female,68,585
8759,Female,68,366
8760,Female,68,925
8761,Female,68,202
8762,Female,68,799
8763,Female,68,393
8764,Female,68,409
8765,Female,68,393
8766,Female,68,844
8767,Female,68,309
8768,Female,69,23375
8769,Female,69,311
8770,Female,69,2244
8771,Female,69,1100
8772,Female,69,1193
8773,Female,69,1416
8774,Female,69,983
8775,Female,69,523
8776,Female,69,377
8777,Female,69,221
8778,Female,69,569
8779,Female,69,836
8780,Female,69,354
8781,Female,69,448
8782,Female,69,810
8783,Female,69,722
8784,Female,69,616
8785,Female,69,983
8786,Female,69,1724
8787,Female,69,928
8788,Female,69,1007
8789,Female,69,848
8790,Female,69,616
8791,Female,69,354
8792,Female,69,941
8793,Female,69,202
8794,Female,69,771
8795,Female,69,352
8796,Female,69,403
8797,Female,69,364
8798,Female,69,863
8799,Female,69,296
8800,Female,70,21897
8801,Female,70,245
8802,Female,70,2175
8803,Female,70,1052
8804,Female,70,1140
8805,Female,70,1327
8806,Female,70,866
8807,Female,70,491
8808,Female,70,369
8809,Female,70,189
8810,Female,70,544
8811,Female,70,766
8812,Female,70,366
8813,Female,70,374
8814,Female,70,740
8815,Female,70,676
8816,Female,70,626
8817,Female,70,901
8818,Female,70,1560
8819,Female,70,811
8820,Female,70,964
8821,Female,70,832
8822,Female,70,578
8823,Female,70,291
8824,Female,70,900
8825,Female,70,179
8826,Female,70,771
8827,Female,70,361
8828,Female,70,357
8829,Female,70,330
8830,Female,70,803
8831,Female,70,313
8832,Female,71,21236
8833,Female,71,259
8834,Female,71,2042
8835,Female,71,1016
8836,Female,71,1008
8837,Female,71,1307
8838,Female,71,858
8839,Female,71,426
8840,Female,71,305
8841,Female,71,191
8842,Female,71,542
8843,Female,71,792
8844,Female,71,353
8845,Female,71,361
8846,Female,71,717
8847,Female,71,640
8848,Female,71,595
8849,Female,71,909
8850,Female,71,1568
8851,Female,71,814
8852,Female,71,941
8853,Female,71,751
8854,Female,71,553
8855,Female,71,302
8856,Female,71,907
8857,Female,71,173
8858,Female,71,777
8859,Female,71,321
8860,Female,71,349
8861,Female,71,340
8862,Female,71,854
8863,Female,71,265
8864,Female,72,21159
8865,Female,72,278
8866,Female,72,2032
8867,Female,72,1076
8868,Female,72,1107
8869,Female,72,1251
8870,Female,72,881
8871,Female,72,449
8872,Female,72,296
8873,Female,72,217
8874,Female,72,527
8875,Female,72,735
8876,Female,72,376
8877,Female,72,374
8878,Female,72,751
8879,Female,72,678
8880,Female,72,636
8881,Female,72,874
8882,Female,72,1449
8883,Female,72,787
8884,Female,72,924
8885,Female,72,741
8886,Female,72,571
8887,Female,72,297
8888,Female,72,821
8889,Female,72,175
8890,Female,72,762
8891,Female,72,378
8892,Female,72,341
8893,Female,72,326
8894,Female,72,755
8895,Female,72,294
8896,Female,73,20134
8897,Female,73,228
8898,Female,73,2057
8899,Female,73,970
8900,Female,73,1053
8901,Female,73,1145
8902,Female,73,811
8903,Female,73,410
8904,Female,73,281
8905,Female,73,182
8906,Female,73,518
8907,Female,73,753
8908,Female,73,332
8909,Female,73,356
8910,Female,73,747
8911,Female,73,642
8912,Female,73,571
8913,Female,73,842
8914,Female,73,1491
8915,Female,73,769
8916,Female,73,829
8917,Female,73,755
8918,Female,73,559
8919,Female,73,285
8920,Female,73,787
8921,Female,73,140
8922,Female,73,666
8923,Female,73,298
8924,Female,73,322
8925,Female,73,307
8926,Female,73,767
8927,Female,73,261
8928,Female,74,19177
8929,Female,74,229
8930,Female,74,1922
8931,Female,74,989
8932,Female,74,967
8933,Female,74,1008
8934,Female,74,766
8935,Female,74,383
8936,Female,74,278
8937,Female,74,179
8938,Female,74,538
8939,Female,74,682
8940,Female,74,309
8941,Female,74,373
8942,Female,74,649
8943,Female,74,575
8944,Female,74,536
8945,Female,74,859
8946,Female,74,1357
8947,Female,74,723
8948,Female,74,873
8949,Female,74,759
8950,Female,74,500
8951,Female,74,279
8952,Female,74,751
8953,Female,74,172
8954,Female,74,626
8955,Female,74,307
8956,Female,74,329
8957,Female,74,288
8958,Female,74,715
8959,Female,74,256
8960,Female,75,18294
8961,Female,75,197
8962,Female,75,1789
8963,Female,75,1043
8964,Female,75,939
8965,Female,75,978
8966,Female,75,721
8967,Female,75,377
8968,Female,75,304
8969,Female,75,180
8970,Female,75,476
8971,Female,75,629
8972,Female,75,317
8973,Female,75,344
8974,Female,75,636
8975,Female,75,538
8976,Female,75,551
8977,Female,75,766
8978,Female,75,1303
8979,Female,75,713
8980,Female,75,810
8981,Female,75,671
8982,Female,75,513
8983,Female,75,255
8984,Female,75,712
8985,Female,75,133
8986,Female,75,588
8987,Female,75,289
8988,Female,75,313
8989,Female,75,295
8990,Female,75,675
8991,Female,75,239
8992,Female,76,17665
8993,Female,76,211
8994,Female,76,1719
8995,Female,76,946
8996,Female,76,879
8997,Female,76,908
8998,Female,76,592
8999,Female,76,410
9000,Female,76,288
9001,Female,76,187
9002,Female,76,506
9003,Female,76,621
9004,Female,76,290
9005,Female,76,300
9006,Female,76,625
9007,Female,76,552
9008,Female,76,498
9009,Female,76,786
9010,Female,76,1297
9011,Female,76,665
9012,Female,76,770
9013,Female,76,674
9014,Female,76,511
9015,Female,76,276
9016,Female,76,664
9017,Female,76,139
9018,Female,76,573
9019,Female,76,295
9020,Female,76,292
9021,Female,76,260
9022,Female,76,681
9023,Female,76,250
9024,Female,77,15971
9025,Female,77,188
9026,Female,77,1633
9027,Female,77,888
9028,Female,77,783
9029,Female,77,792
9030,Female,77,601
9031,Female,77,337
9032,Female,77,217
9033,Female,77,160
9034,Female,77,430
9035,Female,77,543
9036,Female,77,248
9037,Female,77,308
9038,Female,77,567
9039,Female,77,501
9040,Female,77,452
9041,Female,77,729
9042,Female,77,1189
9043,Female,77,596
9044,Female,77,715
9045,Female,77,630
9046,Female,77,422
9047,Female,77,246
9048,Female,77,601
9049,Female,77,123
9050,Female,77,532
9051,Female,77,229
9052,Female,77,277
9053,Female,77,258
9054,Female,77,585
9055,Female,77,191
9056,Female,78,14666
9057,Female,78,156
9058,Female,78,1581
9059,Female,78,867
9060,Female,78,676
9061,Female,78,782
9062,Female,78,534
9063,Female,78,307
9064,Female,78,225
9065,Female,78,121
9066,Female,78,408
9067,Female,78,506
9068,Female,78,231
9069,Female,78,271
9070,Female,78,547
9071,Female,78,498
9072,Female,78,377
9073,Female,78,667
9074,Female,78,994
9075,Female,78,557
9076,Female,78,633
9077,Female,78,523
9078,Female,78,411
9079,Female,78,222
9080,Female,78,558
9081,Female,78,122
9082,Female,78,469
9083,Female,78,231
9084,Female,78,234
9085,Female,78,217
9086,Female,78,562
9087,Female,78,179
9088,Female,79,13938
9089,Female,79,171
9090,Female,79,1554
9091,Female,79,793
9092,Female,79,692
9093,Female,79,670
9094,Female,79,512
9095,Female,79,327
9096,Female,79,212
9097,Female,79,126
9098,Female,79,374
9099,Female,79,473
9100,Female,79,229
9101,Female,79,272
9102,Female,79,467
9103,Female,79,420
9104,Female,79,379
9105,Female,79,665
9106,Female,79,982
9107,Female,79,517
9108,Female,79,650
9109,Female,79,524
9110,Female,79,350
9111,Female,79,208
9112,Female,79,527
9113,Female,79,112
9114,Female,79,456
9115,Female,79,203
9116,Female,79,235
9117,Female,79,191
9118,Female,79,489
9119,Female,79,158
9120,Female,80,12173
9121,Female,80,163
9122,Female,80,1374
9123,Female,80,819
9124,Female,80,533
9125,Female,80,550
9126,Female,80,405
9127,Female,80,265
9128,Female,80,186
9129,Female,80,115
9130,Female,80,300
9131,Female,80,430
9132,Female,80,202
9133,Female,80,195
9134,Female,80,398
9135,Female,80,372
9136,Female,80,299
9137,Female,80,587
9138,Female,80,879
9139,Female,80,446
9140,Female,80,570
9141,Female,80,421
9142,Female,80,335
9143,Female,80,226
9144,Female,80,499
9145,Female,80,77
9146,Female,80,392
9147,Female,80,191
9148,Female,80,203
9149,Female,80,157
9150,Female,80,446
9151,Female,80,138
9152,Female,81,11191
9153,Female,81,148
9154,Female,81,1332
9155,Female,81,712
9156,Female,81,499
9157,Female,81,558
9158,Female,81,372
9159,Female,81,234
9160,Female,81,158
9161,Female,81,87
9162,Female,81,325
9163,Female,81,348
9164,Female,81,163
9165,Female,81,193
9166,Female,81,396
9167,Female,81,330
9168,Female,81,312
9169,Female,81,522
9170,Female,81,773
9171,Female,81,388
9172,Female,81,467
9173,Female,81,420
9174,Female,81,309
9175,Female,81,145
9176,Female,81,424
9177,Female,81,80
9178,Female,81,391
9179,Female,81,184
9180,Female,81,177
9181,Female,81,152
9182,Female,81,441
9183,Female,81,151
9184,Female,82,10759
9185,Female,82,131
9186,Female,82,1368
9187,Female,82,666
9188,Female,82,438
9189,Female,82,491
9190,Female,82,362
9191,Female,82,225
9192,Female,82,148
9193,Female,82,84
9194,Female,82,289
9195,Female,82,324
9196,Female,82,160
9197,Female,82,187
9198,Female,82,358
9199,Female,82,333
9200,Female,82,287
9201,Female,82,570
9202,Female,82,757
9203,Female,82,418
9204,Female,82,466
9205,Female,82,416
9206,Female,82,256
9207,Female,82,179
9208,Female,82,409
9209,Female,82,81
9210,Female,82,352
9211,Female,82,175
9212,Female,82,160
9213,Female,82,146
9214,Female,82,379
9215,Female,82,144
9216,Female,83,9985
9217,Female,83,102
9218,Female,83,1242
9219,Female,83,679
9220,Female,83,395
9221,Female,83,455
9222,Female,83,332
9223,Female,83,214
9224,Female,83,136
9225,Female,83,75
9226,Female,83,246
9227,Female,83,303
9228,Female,83,179
9229,Female,83,200
9230,Female,83,355
9231,Female,83,282
9232,Female,83,254
9233,Female,83,512
9234,Female,83,651
9235,Female,83,345
9236,Female,83,407
9237,Female,83,374
9238,Female,83,268
9239,Female,83,160
9240,Female,83,405
9241,Female,83,90
9242,Female,83,346
9243,Female,83,167
9244,Female,83,165
9245,Female,83,144
9246,Female,83,367
9247,Female,83,135
9248,Female,84,8890
9249,Female,84,111
9250,Female,84,1177
9251,Female,84,582
9252,Female,84,365
9253,Female,84,421
9254,Female,84,246
9255,Female,84,188
9256,Female,84,99
9257,Female,84,74
9258,Female,84,222
9259,Female,84,256
9260,Female,84,146
9261,Female,84,159
9262,Female,84,299
9263,Female,84,240
9264,Female,84,207
9265,Female,84,441
9266,Female,84,598
9267,Female,84,331
9268,Female,84,409
9269,Female,84,339
9270,Female,84,262
9271,Female,84,148
9272,Female,84,306
9273,Female,84,87
9274,Female,84,311
9275,Female,84,130
9276,Female,84,127
9277,Female,84,145
9278,Female,84,351
9279,Female,84,113
9280,Female,85,8303
9281,Female,85,77
9282,Female,85,1109
9283,Female,85,570
9284,Female,85,300
9285,Female,85,394
9286,Female,85,269
9287,Female,85,183
9288,Female,85,114
9289,Female,85,78
9290,Female,85,209
9291,Female,85,238
9292,Female,85,168
9293,Female,85,144
9294,Female,85,287
9295,Female,85,239
9296,Female,85,202
9297,Female,85,401
9298,Female,85,593
9299,Female,85,255
9300,Female,85,338
9301,Female,85,308
9302,Female,85,213
9303,Female,85,130
9304,Female,85,303
9305,Female,85,55
9306,Female,85,304
9307,Female,85,126
9308,Female,85,146
9309,Female,85,137
9310,Female,85,317
9311,Female,85,96
9312,Female,86,7501
9313,Female,86,86
9314,Female,86,988
9315,Female,86,482
9316,Female,86,293
9317,Female,86,304
9318,Female,86,218
9319,Female,86,189
9320,Female,86,95
9321,Female,86,79
9322,Female,86,192
9323,Female,86,216
9324,Female,86,131
9325,Female,86,131
9326,Female,86,260
9327,Female,86,211
9328,Female,86,197
9329,Female,86,378
9330,Female,86,511
9331,Female,86,260
9332,Female,86,321
9333,Female,86,293
9334,Female,86,186
9335,Female,86,110
9336,Female,86,317
9337,Female,86,54
9338,Female,86,247
9339,Female,86,129
9340,Female,86,130
9341,Female,86,128
9342,Female,86,266
9343,Female,86,99
9344,Female,87,6766
9345,Female,87,62
9346,Female,87,908
9347,Female,87,448
9348,Female,87,249
9349,Female,87,271
9350,Female,87,201
9351,Female,87,171
9352,Female,87,93
9353,Female,87,65
9354,Female,87,176
9355,Female,87,237
9356,Female,87,100
9357,Female,87,129
9358,Female,87,226
9359,Female,87,175
9360,Female,87,170
9361,Female,87,309
9362,Female,87,468
9363,Female,87,260
9364,Female,87,260
9365,Female,87,269
9366,Female,87,198
9367,Female,87,91
9368,Female,87,244
9369,Female,87,55
9370,Female,87,238
9371,Female,87,134
9372,Female,87,103
9373,Female,87,107
9374,Female,87,256
9375,Female,87,93
9376,Female,88,5927
9377,Female,88,68
9378,Female,88,886
9379,Female,88,412
9380,Female,88,219
9381,Female,88,241
9382,Female,88,164
9383,Female,88,126
9384,Female,88,85
9385,Female,88,49
9386,Female,88,143
9387,Female,88,171
9388,Female,88,106
9389,Female,88,98
9390,Female,88,170
9391,Female,88,147
9392,Female,88,144
9393,Female,88,291
9394,Female,88,427
9395,Female,88,183
9396,Female,88,209
9397,Female,88,219
9398,Female,88,158
9399,Female,88,75
9400,Female,88,257
9401,Female,88,46
9402,Female,88,239
9403,Female,88,102
9404,Female,88,100
9405,Female,88,105
9406,Female,88,208
9407,Female,88,79
9408,Female,89,4961
9409,Female,89,54
9410,Female,89,712
9411,Female,89,331
9412,Female,89,192
9413,Female,89,188
9414,Female,89,160
9415,Female,89,115
9416,Female,89,64
9417,Female,89,42
9418,Female,89,116
9419,Female,89,143
9420,Female,89,62
9421,Female,89,78
9422,Female,89,159
9423,Female,89,133
9424,Female,89,132
9425,Female,89,232
9426,Female,89,340
9427,Female,89,182
9428,Female,89,202
9429,Female,89,191
9430,Female,89,149
9431,Female,89,54
9432,Female,89,223
9433,Female,89,39
9434,Female,89,157
9435,Female,89,100
9436,Female,89,87
9437,Female,89,79
9438,Female,89,172
9439,Female,89,73
9440,Female,90,4285
9441,Female,90,48
9442,Female,90,614
9443,Female,90,312
9444,Female,90,171
9445,Female,90,168
9446,Female,90,124
9447,Female,90,82
9448,Female,90,44
9449,Female,90,39
9450,Female,90,92
9451,Female,90,136
9452,Female,90,63
9453,Female,90,84
9454,Female,90,139
9455,Female,90,113
9456,Female,90,106
9457,Female,90,222
9458,Female,90,282
9459,Female,90,147
9460,Female,90,155
9461,Female,90,181
9462,Female,90,126
9463,Female,90,54
9464,Female,90,178
9465,Female,90,33
9466,Female,90,157
9467,Female,90,88
9468,Female,90,60
9469,Female,90,57
9470,Female,90,154
9471,Female,90,56
9472,Female,91,3781
9473,Female,91,45
9474,Female,91,534
9475,Female,91,251
9476,Female,91,153
9477,Female,91,119
9478,Female,91,102
9479,Female,91,93
9480,Female,91,49
9481,Female,91,32
9482,Female,91,95
9483,Female,91,88
9484,Female,91,48
9485,Female,91,73
9486,Female,91,115
9487,Female,91,103
9488,Female,91,89
9489,Female,91,177
9490,Female,91,282
9491,Female,91,133
9492,Female,91,152
9493,Female,91,150
9494,Female,91,108
9495,Female,91,68
9496,Female,91,180
9497,Female,91,36
9498,Female,91,149
9499,Female,91,56
9500,Female,91,56
9501,Female,91,62
9502,Female,91,136
9503,Female,91,47
9504,Female,92,2809
9505,Female,92,24
9506,Female,92,455
9507,Female,92,194
9508,Female,92,106
9509,Female,92,96
9510,Female,92,70
9511,Female,92,58
9512,Female,92,48
9513,Female,92,19
9514,Female,92,66
9515,Female,92,84
9516,Female,92,32
9517,Female,92,44
9518,Female,92,80
9519,Female,92,81
9520,Female,92,71
9521,Female,92,117
9522,Female,92,211
9523,Female,92,88
9524,Female,92,103
9525,Female,92,102
9526,Female,92,87
9527,Female,92,45
9528,Female,92,131
9529,Female,92,30
9530,Female,92,85
9531,Female,92,54
9532,Female,92,38
9533,Female,92,52
9534,Female,92,94
9535,Female,92,44
9536,Female,93,2320
9537,Female,93,22
9538,Female,93,322
9539,Female,93,162
9540,Female,93,80
9541,Female,93,84
9542,Female,93,81
9543,Female,93,45
9544,Female,93,21
9545,Female,93,30
9546,Female,93,63
9547,Female,93,54
9548,Female,93,39
9549,Female,93,44
9550,Female,93,76
9551,Female,93,62
9552,Female,93,58
9553,Female,93,111
9554,Female,93,172
9555,Female,93,92
9556,Female,93,96
9557,Female,93,73
9558,Female,93,45
9559,Female,93,43
9560,Female,93,91
9561,Female,93,22
9562,Female,93,93
9563,Female,93,51
9564,Female,93,35
9565,Female,93,35
9566,Female,93,89
9567,Female,93,29
9568,Female,94,1737
9569,Female,94,18
9570,Female,94,264
9571,Female,94,124
9572,Female,94,62
9573,Female,94,72
9574,Female,94,39
9575,Female,94,44
9576,Female,94,21
9577,Female,94,19
9578,Female,94,39
9579,Female,94,52
9580,Female,94,30
9581,Female,94,36
9582,Female,94,42
9583,Female,94,53
9584,Female,94,40
9585,Female,94,62
9586,Female,94,110
9587,Female,94,56
9588,Female,94,74
9589,Female,94,63
9590,Female,94,40
9591,Female,94,17
9592,Female,94,81
9593,Female,94,14
9594,Female,94,80
9595,Female,94,32
9596,Female,94,45
9597,Female,94,20
9598,Female,94,62
9599,Female,94,26
9600,Female,95,1344
9601,Female,95,12
9602,Female,95,194
9603,Female,95,92
9604,Female,95,39
9605,Female,95,40
9606,Female,95,40
9607,Female,95,28
9608,Female,95,8
9609,Female,95,10
9610,Female,95,39
9611,Female,95,44
9612,Female,95,19
9613,Female,95,28
9614,Female,95,36
9615,Female,95,44
9616,Female,95,38
9617,Female,95,42
9618,Female,95,103
9619,Female,95,56
9620,Female,95,50
9621,Female,95,49
9622,Female,95,29
9623,Female,95,20
9624,Female,95,69
9625,Female,95,14
9626,Female,95,49
9627,Female,95,30
9628,Female,95,18
9629,Female,95,21
9630,Female,95,63
9631,Female,95,20
9632,Female,96,956
9633,Female,96,8
9634,Female,96,142
9635,Female,96,61
9636,Female,96,32
9637,Female,96,34
9638,Female,96,29
9639,Female,96,23
9640,Female,96,14
9641,Female,96,10
9642,Female,96,25
9643,Female,96,33
9644,Female,96,11
9645,Female,96,17
9646,Female,96,33
9647,Female,96,26
9648,Female,96,28
9649,Female,96,43
9650,Female,96,66
9651,Female,96,24
9652,Female,96,36
9653,Female,96,34
9654,Female,96,19
9655,Female,96,16
9656,Female,96,47
9657,Female,96,6
9658,Female,96,42
9659,Female,96,19
9660,Female,96,14
9661,Female,96,16
9662,Female,96,34
9663,Female,96,14
9664,Female,97,732
9665,Female,97,9
9666,Female,97,87
9667,Female,97,43
9668,Female,97,40
9669,Female,97,29
9670,Female,97,21
9671,Female,97,19
9672,Female,97,8
9673,Female,97,6
9674,Female,97,20
9675,Female,97,18
9676,Female,97,13
9677,Female,97,18
9678,Female,97,31
9679,Female,97,21
9680,Female,97,20
9681,Female,97,28
9682,Female,97,49
9683,Female,97,32
9684,Female,97,24
9685,Female,97,27
9686,Female,97,15
9687,Female,97,10
9688,Female,97,36
9689,Female,97,14
9690,Female,97,24
9691,Female,97,12
9692,Female,97,18
9693,Female,97,10
9694,Female,97,21
9695,Female,97,9
9696,Female,98,492
9697,Female,98,5
9698,Female,98,57
9699,Female,98,35
9700,Female,98,18
9701,Female,98,13
9702,Female,98,12
9703,Female,98,14
9704,Female,98,1
9705,Female,98,6
9706,Female,98,17
9707,Female,98,16
9708,Female,98,7
9709,Female,98,8
9710,Female,98,18
9711,Female,98,12
9712,Female,98,12
9713,Female,98,20
9714,Female,98,40
9715,Female,98,15
9716,Female,98,27
9717,Female,98,16
9718,Female,98,13
9719,Female,98,14
9720,Female,98,29
9721,Female,98,5
9722,Female,98,18
9723,Female,98,6
9724,Female,98,11
9725,Female,98,7
9726,Female,98,11
9727,Female,98,9
9728,Female,99,336
9729,Female,99,6
9730,Female,99,49
9731,Female,99,26
9732,Female,99,20
9733,Female,99,10
9734,Female,99,12
9735,Female,99,5
9736,Female,99,3
9737,Female,99,0
9738,Female,99,6
9739,Female,99,12
9740,Female,99,4
9741,Female,99,3
9742,Female,99,15
9743,Female,99,7
9744,Female,99,11
9745,Female,99,20
9746,Female,99,17
9747,Female,99,9
9748,Female,99,11
9749,Female,99,5
9750,Female,99,15
9751,Female,99,1
9752,Female,99,16
9753,Female,99,3
9754,Female,99,12
9755,Female,99,6
9756,Female,99,8
9757,Female,99,6
9758,Female,99,13
9759,Female,99,5
9760,Female,100,584
9761,Female,100,3
9762,Female,100,80
9763,Female,100,42
9764,Female,100,17
9765,Female,100,29
9766,Female,100,19
9767,Female,100,12
9768,Female,100,10
9769,Female,100,5
9770,Female,100,23
9771,Female,100,17
9772,Female,100,4
9773,Female,100,9
9774,Female,100,14
9775,Female,100,15
9776,Female,100,16
9777,Female,100,20
9778,Female,100,43
9779,Female,100,12
9780,Female,100,34
9781,Female,100,19
9782,Female,100,15
9783,Female,100,5
9784,Female,100,26
9785,Female,100,4
9786,Female,100,25
9787,Female,100,7
9788,Female,100,9
9789,Female,100,12
9790,Female,100,31
9791,Female,100,7
